===== SETUP 2026-09-30T20:37:04 =====
[login-super] POST /api/auth/login -> 200 {"user_id":1,"display_name":"","email":"admin@local.test","role":"admin","access_token":"***","refresh_token":"***"
[brand1] GET /api/admin/brands/1 -> 200 {"id":1,"kode_brand":null,"jamaah_counter":0,"name":"Travel Pertama","domain":"localhost","whatsapp_number":null,"email":null,"phone":null,"address":null,"city":null,"province":null,"gmaps_url":null,"legalitas":null,"ppiu_number":null,"pihk_number":null,"akreditasi":null,"bank_name":null,"bank_account_number":null,"bank_account_holder":null,"social_facebook":null,"social_instagram":null,"social_tiktok":null,"social_youtube":null,"logo_url":null,"icon_url":null,"primary_color":null,"meta_title":null,"meta_description":null,"og_image_url":null,"google_verification_code":null,"minimal_dp":0,"biay...
[create-brand2] POST /api/admin/brands -> 201 {"id":2,"kode_brand":"BU","jamaah_counter":0,"name":"Brand Uji Dua","domain":"dua.azhan.test","whatsapp_number":"6281200000002","email":null,"phone":null,"address":null,"city":null,"province":null,"gmaps_url":null,"legalitas":null,"ppiu_number":null,"pihk_number":null,"akreditasi":null,"bank_name":null,"bank_account_number":null,"bank_account_holder":null,"social_facebook":null,"social_instagram":null,"social_tiktok":null,"social_youtube":null,"logo_url":null,"icon_url":null,"primary_color":"#1D3A70","meta_title":null,"meta_description":null,"og_image_url":null,"google_verification_code":null,...
fixture ids: makkah=1 madinah=9 airline=1
[create-schedule-Uji Audit Desember] POST /api/admin/schedules -> 201 {"effective_minimal_dp":5000000,"id":1,"brand_id":1,"category_id":null,"category":null,"jadwal_nama":"Uji Audit Desember","status":"published","is_promo":false,"views":0,"promo_until":null,"is_ticket_confirmed":false,"is_direct_flight":false,"seat_total":5,"seat_sisa":5,"booking_count":0,"maskapai_id":null,"maskapai":{"id":1,"name":"QATAR AIRWAYS","logo_url":null},"berangkat_tanggal":"2026-12-20","berangkat_jam":"08:00","berangkat_kode_penerbangan":"SV817","berangkat_bandara_asal":"CGK","berangkat_bandara_tujuan":"JED","pulang_tanggal":"2026-12-29","pulang_jam":"10:00","pulang_kode_penerbangan...
S1=1
===== SETUP2 2026-09-30T20:37:33 =====
[login-super] POST /api/auth/login -> 200 {"user_id":1,"display_name":"","email":"admin@local.test","role":"admin","access_token":"***","refresh_token":"***","expires_in":900,"token_type":"Bearer"}

[fixture-kode-brand] SQL SELECT id,kode_brand FROM brands
id	kode_brand
1	TP
2	BU
[create-admin-brand1] POST /api/admin/users -> 201 {"id":2,"email":"admin.tp@local.test","brand_id":1,"brand_name":"Travel Pertama","brand_color":null,"created_at":"2026-09-30T20:37:36+07:00"}

[create-admin-brand2] POST /api/admin/users -> 201 {"id":3,"email":"admin.bu@local.test","brand_id":2,"brand_name":"Brand Uji Dua","brand_color":"#1D3A70","created_at":"2026-09-30T20:37:36+07:00"}

===== RUN1 jamaah + booking 2026-09-30T20:38:33 =====
[login-super] POST /api/auth/login -> 200 {"user_id":1,"display_name":"","email":"admin@local.test","role":"admin","access_token":"***","refresh_token":"***","expires_in":900,"token_type":"Bearer"}

[login-admin-tp] POST /api/auth/login -> 200 {"user_id":2,"display_name":"admin.tp","email":"admin.tp@local.test","role":"admin","access_token":"***","refresh_token":"***","expires_in":900,"token_type":"Bearer"}

[login-admin-bu] POST /api/auth/login -> 200 {"user_id":3,"display_name":"admin.bu","email":"admin.bu@local.test","role":"admin","access_token":"***","refresh_token":"***","expires_in":900,"token_type":"Bearer"}

--- A. Jamaah
[A1-create-pic] POST /api/admin/jamaah -> 201 {"id":1,"brand_id":1,"id_jamaah":"TP-2609000001","kode_jamaah":"ZTXNS8","nama_lengkap":"Ahmad Fauzi Uji","jenis_kelamin":"L","nama_ayah_kandung":null,"nik":"3171010101800001","tempat_lahir":"Jakarta","tanggal_lahir":"1980-01-01","no_paspor":null,"tempat_paspor_keluar":null,"tanggal_paspor_keluar":null,"paspor_berlaku_sampai":null,"no_hp":"081201800001","email":null,"pekerjaan":null,"pendidikan_terakhir":null,"penjamin_kesehatan":null,"no_asuransi_bpjs":null,"alamat":null,"kota":"Jakarta","catatan":null,"status":"aktif","emergency_nama":null,"emergency_nik":null,"emergency_hp":null,"emergency_h...
[A2-create] POST /api/admin/jamaah -> 201 {"id":2,"brand_id":1,"id_jamaah":"TP-2609000002","kode_jamaah":"CQFN95","nama_lengkap":"Siti Aminah Uji","jenis_kelamin":"P","nama_ayah_kandung":null,"nik":"3171014101820002","tempat_lahir":"Jakarta","tanggal_lahir":"1982-01-01","no_paspor":null,"tempat_paspor_keluar":null,"tanggal_paspor_keluar":null,"paspor_berlaku_sampai":null,"no_hp":"081201820002","email":null,"pekerjaan":null,"pendidikan_terakhir":null,"penjamin_kesehatan":null,"no_asuransi_bpjs":null,"alamat":null,"kota":"Jakarta","catatan":null,"status":"aktif","emergency_nama":null,"emergency_nik":null,"emergency_hp":null,"emergency_h...
[A3-create] POST /api/admin/jamaah -> 201 {"id":3,"brand_id":1,"id_jamaah":"TP-2609000003","kode_jamaah":"4UNVRP","nama_lengkap":"Budi Santoso Uji","jenis_kelamin":"L","nama_ayah_kandung":null,"nik":"3171010101850003","tempat_lahir":"Jakarta","tanggal_lahir":"1985-01-01","no_paspor":null,"tempat_paspor_keluar":null,"tanggal_paspor_keluar":null,"paspor_berlaku_sampai":null,"no_hp":"081201850003","email":null,"pekerjaan":null,"pendidikan_terakhir":null,"penjamin_kesehatan":null,"no_asuransi_bpjs":null,"alamat":null,"kota":"Jakarta","catatan":null,"status":"aktif","emergency_nama":null,"emergency_nik":null,"emergency_hp":null,"emergency_...
[A4-create-infant] POST /api/admin/jamaah -> 201 {"id":4,"brand_id":1,"id_jamaah":"TP-2609000004","kode_jamaah":"HPUNU3","nama_lengkap":"Bayi Fauzi Uji","jenis_kelamin":"L","nama_ayah_kandung":null,"nik":"3171010103260004","tempat_lahir":"Jakarta","tanggal_lahir":"2026-03-01","no_paspor":null,"tempat_paspor_keluar":null,"tanggal_paspor_keluar":null,"paspor_berlaku_sampai":null,"no_hp":"081203260004","email":null,"pekerjaan":null,"pendidikan_terakhir":null,"penjamin_kesehatan":null,"no_asuransi_bpjs":null,"alamat":null,"kota":"Jakarta","catatan":null,"status":"aktif","emergency_nama":null,"emergency_nik":null,"emergency_hp":null,"emergency_hu...
[A5-create-tanpa-tgl-lahir] POST /api/admin/jamaah -> 201 {"id":5,"brand_id":1,"id_jamaah":"TP-2609000005","kode_jamaah":"Y6NE2W","nama_lengkap":"Tanpa Lahir Uji","jenis_kelamin":"L","nama_ayah_kandung":null,"nik":"3171010101900005","tempat_lahir":"Jakarta","tanggal_lahir":null,"no_paspor":null,"tempat_paspor_keluar":null,"tanggal_paspor_keluar":null,"paspor_berlaku_sampai":null,"no_hp":"081201900005","email":null,"pekerjaan":null,"pendidikan_terakhir":null,"penjamin_kesehatan":null,"no_asuransi_bpjs":null,"alamat":null,"kota":"Jakarta","catatan":null,"status":"aktif","emergency_nama":null,"emergency_nik":null,"emergency_hp":null,"emergency_hubungan"...
[A6-create] POST /api/admin/jamaah -> 201 {"id":6,"brand_id":1,"id_jamaah":"TP-2609000006","kode_jamaah":"4EEU2G","nama_lengkap":"Dewi Lestari Uji","jenis_kelamin":"P","nama_ayah_kandung":null,"nik":"3171014101880006","tempat_lahir":"Jakarta","tanggal_lahir":"1988-01-01","no_paspor":null,"tempat_paspor_keluar":null,"tanggal_paspor_keluar":null,"paspor_berlaku_sampai":null,"no_hp":"081201880006","email":null,"pekerjaan":null,"pendidikan_terakhir":null,"penjamin_kesehatan":null,"no_asuransi_bpjs":null,"alamat":null,"kota":"Jakarta","catatan":null,"status":"aktif","emergency_nama":null,"emergency_nik":null,"emergency_hp":null,"emergency_...
[A7-duplikat-NIK-brand-sama] POST /api/admin/jamaah -> 409 
[A8-create-brand2] POST /api/admin/jamaah -> 201 {"id":8,"brand_id":2,"id_jamaah":"BU-2609000001","kode_jamaah":"NRCTTN","nama_lengkap":"Jamaah Brand Dua","jenis_kelamin":"L","nama_ayah_kandung":null,"nik":"3171010101700009","tempat_lahir":"Jakarta","tanggal_lahir":"1970-01-01","no_paspor":null,"tempat_paspor_keluar":null,"tanggal_paspor_keluar":null,"paspor_berlaku_sampai":null,"no_hp":"081201700009","email":null,"pekerjaan":null,"pendidikan_terakhir":null,"penjamin_kesehatan":null,"no_asuransi_bpjs":null,"alamat":null,"kota":"Jakarta","catatan":null,"status":"aktif","emergency_nama":null,"emergency_nik":null,"emergency_hp":null,"emergency_...
[A9-nik-invalid] POST /api/admin/jamaah -> 201 {"id":9,"brand_id":1,"id_jamaah":"TP-2609000007","kode_jamaah":"CA5QEF","nama_lengkap":"NIK Pendek","jenis_kelamin":null,"nama_ayah_kandung":null,"nik":"123","tempat_lahir":null,"tanggal_lahir":null,"no_paspor":null,"tempat_paspor_keluar":null,"tanggal_paspor_keluar":null,"paspor_berlaku_sampai":null,"no_hp":null,"email":null,"pekerjaan":null,"pendidikan_terakhir":null,"penjamin_kesehatan":null,"no_asuransi_bpjs":null,"alamat":null,"kota":null,"catatan":null,"status":"aktif","emergency_nama":null,"emergency_nik":null,"emergency_hp":null,"emergency_hubungan":null,"emergency_alamat":null,"create...
jamaah ids: 1=1 2=2 3=3 4=4 5=5 6=6 B=8
[A10-brand2-baca-jamaah-brand1] GET /api/admin/jamaah/1 -> 404 
[A11-brand2-ubah-jamaah-brand1] PUT /api/admin/jamaah/1 -> 404 
[A12-brand2-list] GET /api/admin/jamaah -> 200 [{"id":8,"brand_id":2,"id_jamaah":"BU-2609000001","kode_jamaah":"NRCTTN","nama_lengkap":"Jamaah Brand Dua","jenis_kelamin":"L","nik":"3171010101700009","tanggal_lahir":"1970-01-01","no_hp":"081201700009","email":null,"status":"aktif","pct_data":32,"pct_dokumen":0,"created_at":"2026-09-30T20:38:35+07:00","kaitan_status":"tanpa_agen","direkrut_oleh_jamaah_id":null,"direkrut_oleh_nama":null,"status_agen":"tidak_aktif"}]

--- B. Booking dibuat admin
[B0-seat-awal] SQL SELECT id,seat_total,seat_sisa FROM schedules WHERE id=1
id	seat_total	seat_sisa
1	5	5
[B1-create-2reg-1inf] POST /api/admin/bookings -> 400 
[B1-db] SQL SELECT b.id,b.id_booking,b.status,b.seat_count,b.is_seat_blocked,b.total_harga,s.seat_sisa FROM bookings b JOIN schedules s ON s.id=b.schedule_id WHERE b.id=

[B2-duplikat-dalam-payload] POST /api/admin/bookings -> 400 
[B3-jamaah-sudah-booking-jadwal-sama] POST /api/admin/bookings -> 400 
[B4-tanpa-tanggal-lahir] POST /api/admin/bookings -> 400 
[B5-hanya-infant] POST /api/admin/bookings -> 400 
[B6-dewasa-sebagai-infant] POST /api/admin/bookings -> 400 
[B7-pic-tidak-ada-di-pax] POST /api/admin/bookings -> 400 
[B8-brand2-baca-booking-brand1] GET /api/admin/bookings/ -> 404 
[B9-brand2-booking-jadwal-brand1] POST /api/admin/bookings -> 400 
===== RUN1 jamaah + booking 2026-09-30T20:39:04 =====
[login-super] POST /api/auth/login -> 200 {"user_id":1,"display_name":"","email":"admin@local.test","role":"admin","access_token":"***","refresh_token":"***","expires_in":900,"token_type":"Bearer"}
[login-admin-tp] POST /api/auth/login -> 200 {"user_id":2,"display_name":"admin.tp","email":"admin.tp@local.test","role":"admin","access_token":"***","refresh_token":"***","expires_in":900,"token_type":"Bearer"}
[login-admin-bu] POST /api/auth/login -> 200 {"user_id":3,"display_name":"admin.bu","email":"admin.bu@local.test","role":"admin","access_token":"***","refresh_token":"***","expires_in":900,"token_type":"Bearer"}
===== RUN1b (ulang dgn body error) =====
[A7b-duplikat-NIK-body] POST /api/admin/jamaah -> 409 {"error":"NIK sudah terdaftar"}
[A10b-brand2-baca-jamaah-brand1-body] GET /api/admin/jamaah/1 -> 404 {"error":"data tidak ditemukan"}
--- B. Booking dibuat admin
[B0-seat-awal] SQL SELECT id,seat_total,seat_sisa FROM schedules WHERE id=1
id	seat_total	seat_sisa
1	5	1
[B1-create-2reg-1inf] POST /api/admin/bookings -> 400 {"error":"Kuota kursi tidak mencukupi, sisa 1 kursi"}
[B1-db] SQL SELECT b.id,b.id_booking,b.status,b.seat_count,b.is_seat_blocked,b.total_harga,s.seat_sisa FROM bookings b JOIN schedules s ON s.id=b.schedule_id WHERE b.id=

[B2-duplikat-dalam-payload] POST /api/admin/bookings -> 400 {"error":"Jamaah Budi Santoso Uji didaftarkan lebih dari satu kali dalam booking ini"}
[B3-jamaah-sudah-booking-jadwal-sama] POST /api/admin/bookings -> 400 {"error":"booking.ListPax: Error 1054 (42S22): Unknown column 'bp.perlengkapan_status' in 'field list'"}
[B4-tanpa-tanggal-lahir] POST /api/admin/bookings -> 400 {"error":"Kuota kursi tidak mencukupi, sisa 0 kursi"}
[B5-hanya-infant] POST /api/admin/bookings -> 400 {"error":"PIC (Kontak Utama) tidak boleh berstatus infant"}
[B6-dewasa-sebagai-infant] POST /api/admin/bookings -> 400 {"error":"Jamaah Budi Santoso Uji berusia 2 tahun atau lebih pada tanggal keberangkatan, harus didaftarkan sebagai pax reguler"}
[B7-pic-tidak-ada-di-pax] POST /api/admin/bookings -> 400 {"error":"Kuota kursi tidak mencukupi, sisa 0 kursi"}
[B8-brand2-baca-booking-brand1] GET /api/admin/bookings/ -> 404 404 page not found
[B9-brand2-booking-jadwal-brand1] POST /api/admin/bookings -> 400 {"error":"schedule_id tidak valid atau bukan milik brand Anda"}
[login-tp] POST /api/auth/login -> 200 {"user_id":2,"display_name":"admin.tp","email":"admin.tp@local.test","role":"admin","access_token":"***","refresh_token":"***","expires_in":900,"token_type":"Bearer"}
--- C. Dampak schema drift
[C1-list-booking] GET /api/admin/bookings -> 200 [{"id":6,"id_booking":"TP4BWF","schedule_id":1,"brand_id":1,"jadwal_nama":"Uji Audit Desember","berangkat_tanggal":"2026-12-20T00:00:00+07:00","pic_jamaah_id":2,"jamaah_id":2,"nama_jamaah":"Siti Aminah Uji","room_type":"Double","pax_count":1,"regular_pax_count":1,"infant_pax_count":0,"seat_count":1,"harga_dasar":36000000,"status":"baru","is_seat_blocked":true,"total_harga":36000000,"progress_paspor":false,"progress_visa":false,"progress_tiket":false,"progress_hotel":false,"progress_land_arrangement":false,"progress_manasik":false,"progress_siskopatuh":false,"progress_vaksin_meningitis":false,"...
[C2-detail-booking] GET /api/admin/bookings/1 -> 400 {"error":"booking.ListPax: Error 1054 (42S22): Unknown column 'bp.perlengkapan_status' in 'field list'"}
[C3-booking-per-jamaah] GET /api/admin/bookings?jamaah_id=1 -> 200 [{"id":1,"id_booking":"TPMG49","schedule_id":1,"brand_id":1,"jadwal_nama":"Uji Audit Desember","berangkat_tanggal":"2026-12-20T00:00:00+07:00","pic_jamaah_id":1,"jamaah_id":1,"nama_jamaah":"Ahmad Fauzi Uji","room_type":"Quad","pax_count":3,"regular_pax_count":2,"infant_pax_count":1,"seat_count":1,"harga_dasar":30000000,"status":"baru","is_seat_blocked":true,"total_harga":68000000,"progress_paspor":false,"progress_visa":false,"progress_tiket":false,"progress_hotel":false,"progress_land_arrangement":false,"progress_manasik":false,"progress_siskopatuh":false,"progress_vaksin_meningitis":false,"si...
[C4-payments-booking] GET /api/admin/bookings/1/payments -> 200 []
[C5-detail-jamaah] GET /api/admin/jamaah/1 -> 200 {"id":1,"brand_id":1,"id_jamaah":"TP-2609000001","kode_jamaah":"ZTXNS8","nama_lengkap":"Ahmad Fauzi Uji","jenis_kelamin":"L","nama_ayah_kandung":null,"nik":"3171010101800001","tempat_lahir":"Jakarta","tanggal_lahir":"1980-01-01","no_paspor":null,"tempat_paspor_keluar":null,"tanggal_paspor_keluar":null,"paspor_berlaku_sampai":null,"no_hp":"081201800001","email":null,"pekerjaan":null,"pendidikan_terakhir":null,"penjamin_kesehatan":null,"no_asuransi_bpjs":null,"alamat":null,"kota":"Jakarta","catatan":null,"status":"aktif","emergency_nama":null,"emergency_nik":null,"emergency_hp":null,"emergency_h...
===== RUN2 setelah migrasi 067 2026-09-30T20:41:57 =====
[login-tp] POST /api/auth/login -> 200 {"user_id":2,"display_name":"admin.tp","email":"admin.tp@local.test","role":"admin","access_token":"***","refresh_token":"***","expires_in":900,"token_type":"Bearer"}
--- D. Detail & pembatalan booking tak sengaja
[D1-detail-booking-setelah-067] GET /api/admin/bookings/1 -> 200 {"id":1,"id_booking":"TPMG49","schedule_id":1,"brand_id":1,"jadwal_nama":"Uji Audit Desember","berangkat_tanggal":"2026-12-20T00:00:00+07:00","pic_jamaah_id":1,"jamaah_id":1,"nama_jamaah":"Ahmad Fauzi Uji","room_type":"Quad","pax_count":3,"regular_pax_count":2,"infant_pax_count":1,"seat_count":1,"harga_dasar":30000000,"status":"baru","is_seat_blocked":true,"total_harga":68000000,"progress_paspor":false,"progress_visa":false,"progress_tiket":false,"progress_hotel":false,"progress_land_arrangement":false,"progress_manasik":false,"progress_siskopatuh":false,"progress_vaksin_meningitis":false,"sia...
[D2-seat-sebelum-batal] SQL SELECT seat_total,seat_sisa FROM schedules WHERE id=1
seat_total	seat_sisa
5	0
[D3-batal-booking-2] PUT /api/admin/bookings/2/status -> 200 {"id":2,"id_booking":"TPJ769","schedule_id":1,"brand_id":1,"jadwal_nama":"Uji Audit Desember","berangkat_tanggal":"2026-12-20T00:00:00+07:00","pic_jamaah_id":2,"jamaah_id":2,"nama_jamaah":"Siti Aminah Uji","room_type":null,"pax_count":0,"regular_pax_count":0,"infant_pax_count":0,"seat_count":1,"harga_dasar":null,"status":"batal","is_seat_blocked":false,"total_harga":36000000,"progress_paspor":false,"progress_visa":false,"progress_tiket":false,"progress_hotel":false,"progress_land_arrangement":false,"progress_manasik":false,"progress_siskopatuh":false,"progress_vaksin_meningitis":false,"siap_be...
[D3-batal-booking-5] PUT /api/admin/bookings/5/status -> 200 {"id":5,"id_booking":"TPCZ6A","schedule_id":1,"brand_id":1,"jadwal_nama":"Uji Audit Desember","berangkat_tanggal":"2026-12-20T00:00:00+07:00","pic_jamaah_id":3,"jamaah_id":3,"nama_jamaah":"Budi Santoso Uji","room_type":null,"pax_count":0,"regular_pax_count":0,"infant_pax_count":0,"seat_count":1,"harga_dasar":null,"status":"batal","is_seat_blocked":false,"total_harga":30000000,"progress_paspor":false,"progress_visa":false,"progress_tiket":false,"progress_hotel":false,"progress_land_arrangement":false,"progress_manasik":false,"progress_siskopatuh":false,"progress_vaksin_meningitis":false,"siap_b...
[D3-batal-booking-6] PUT /api/admin/bookings/6/status -> 200 {"id":6,"id_booking":"TP4BWF","schedule_id":1,"brand_id":1,"jadwal_nama":"Uji Audit Desember","berangkat_tanggal":"2026-12-20T00:00:00+07:00","pic_jamaah_id":2,"jamaah_id":2,"nama_jamaah":"Siti Aminah Uji","room_type":null,"pax_count":0,"regular_pax_count":0,"infant_pax_count":0,"seat_count":1,"harga_dasar":null,"status":"batal","is_seat_blocked":false,"total_harga":36000000,"progress_paspor":false,"progress_visa":false,"progress_tiket":false,"progress_hotel":false,"progress_land_arrangement":false,"progress_manasik":false,"progress_siskopatuh":false,"progress_vaksin_meningitis":false,"siap_be...
[D4-seat-setelah-batal-3-booking (harap 3)] SQL SELECT seat_total,seat_sisa FROM schedules WHERE id=1
seat_total	seat_sisa
5	3
--- E. Pembayaran booking 1 (total 68jt, DP min 5jt)
[E1-bayar-dp-5jt] POST /api/admin/bookings/1/payments -> 201 {"id":1,"booking_id":1,"jumlah":5000000,"metode":"transfer","tanggal":"2026-09-30","status":"confirmed","bukti_url":null,"bank_account_id":null,"destination_bank_name":null,"destination_account_number":null,"destination_account_holder":null,"sender_name":null,"sender_bank":null,"notes":null,"source":"admin","rejection_reason":null,"verified_by":2,"verified_at":"2026-09-30T20:42:00+07:00","created_at":"2026-09-30T20:41:59+07:00"}
[E1-db] SQL SELECT id,status,seat_count,is_seat_blocked,seat_hold_expires_at,total_harga,(SELECT COALESCE(SUM(jumlah),0) FROM payments WHERE booking_id=b.id AND status='confirmed') paid FROM bookings b WHERE id=1
id	status	seat_count	is_seat_blocked	seat_hold_expires_at	total_harga	paid
1	baru	1	1	NULL	68000000	5000000
[E3-bayar-melebihi-sisa] POST /api/admin/bookings/1/payments -> 400 {"error":"jumlah pembayaran tidak boleh melebihi sisa tagihan (sisa: Rp 63000000)"}
[E4-tanggal-masa-depan] POST /api/admin/bookings/1/payments -> 201 {"id":2,"booking_id":1,"jumlah":1000000,"metode":"transfer","tanggal":"2030-01-01","status":"confirmed","bukti_url":null,"bank_account_id":null,"destination_bank_name":null,"destination_account_number":null,"destination_account_holder":null,"sender_name":null,"sender_bank":null,"notes":null,"source":"admin","rejection_reason":null,"verified_by":2,"verified_at":"2026-09-30T20:42:00+07:00","created_at":"2026-09-30T20:41:59+07:00"}
[E5-ubah-status-lunas-manual] PUT /api/admin/bookings/1/status -> 400 {"error":"Status DP dan Lunas hanya dapat ditentukan melalui pencatatan pembayaran, tidak bisa diubah manual."}
--- F. Add-on & diskon
[F1-addon-2jt] POST /api/admin/bookings/1/addons -> 201 {"id":1,"id_booking":"TPMG49","schedule_id":1,"brand_id":1,"jadwal_nama":"Uji Audit Desember","berangkat_tanggal":"2026-12-20T00:00:00+07:00","pic_jamaah_id":1,"jamaah_id":1,"nama_jamaah":"Ahmad Fauzi Uji","room_type":"Quad","pax_count":3,"regular_pax_count":2,"infant_pax_count":1,"seat_count":1,"harga_dasar":30000000,"status":"baru","is_seat_blocked":true,"total_harga":70000000,"progress_paspor":false,"progress_visa":false,"progress_tiket":false,"progress_hotel":false,"progress_land_arrangement":false,"progress_manasik":false,"progress_siskopatuh":false,"progress_vaksin_meningitis":false,"sia...
[F1-db (harap total 70jt)] SQL SELECT id,status,seat_count,is_seat_blocked,seat_hold_expires_at,total_harga,(SELECT COALESCE(SUM(jumlah),0) FROM payments WHERE booking_id=b.id AND status='confirmed') paid FROM bookings b WHERE id=1
id	status	seat_count	is_seat_blocked	seat_hold_expires_at	total_harga	paid
1	baru	1	1	NULL	70000000	6000000
[F2-diskon-melebihi-total] POST /api/admin/bookings/1/discounts -> 200 {"id":1,"id_booking":"TPMG49","schedule_id":1,"brand_id":1,"jadwal_nama":"Uji Audit Desember","berangkat_tanggal":"2026-12-20T00:00:00+07:00","pic_jamaah_id":1,"jamaah_id":1,"nama_jamaah":"Ahmad Fauzi Uji","room_type":"Quad","pax_count":3,"regular_pax_count":2,"infant_pax_count":1,"seat_count":1,"harga_dasar":30000000,"status":"dp","is_seat_blocked":true,"total_harga":0,"progress_paspor":false,"progress_visa":false,"progress_tiket":false,"progress_hotel":false,"progress_land_arrangement":false,"progress_manasik":false,"progress_siskopatuh":false,"progress_vaksin_meningitis":false,"siap_berangk...
[F2-db (total 0, paid 5jt?)] SQL SELECT id,status,seat_count,is_seat_blocked,seat_hold_expires_at,total_harga,(SELECT COALESCE(SUM(jumlah),0) FROM payments WHERE booking_id=b.id AND status='confirmed') paid FROM bookings b WHERE id=1
id	status	seat_count	is_seat_blocked	seat_hold_expires_at	total_harga	paid
1	dp	1	1	NULL	0	6000000
[F3-hapus-diskon] DELETE /api/admin/bookings/1/discounts/1 -> 200 {"id":1,"id_booking":"TPMG49","schedule_id":1,"brand_id":1,"jadwal_nama":"Uji Audit Desember","berangkat_tanggal":"2026-12-20T00:00:00+07:00","pic_jamaah_id":1,"jamaah_id":1,"nama_jamaah":"Ahmad Fauzi Uji","room_type":"Quad","pax_count":3,"regular_pax_count":2,"infant_pax_count":1,"seat_count":1,"harga_dasar":30000000,"status":"baru","is_seat_blocked":true,"seat_hold_expires_at":"2026-10-01T13:41:59Z","total_harga":70000000,"progress_paspor":false,"progress_visa":false,"progress_tiket":false,"progress_hotel":false,"progress_land_arrangement":false,"progress_manasik":false,"progress_siskopatuh"...
[F3-db] SQL SELECT id,status,seat_count,is_seat_blocked,seat_hold_expires_at,total_harga,(SELECT COALESCE(SUM(jumlah),0) FROM payments WHERE booking_id=b.id AND status='confirmed') paid FROM bookings b WHERE id=1
id	status	seat_count	is_seat_blocked	seat_hold_expires_at	total_harga	paid
1	baru	1	1	2026-10-01 20:41:59	70000000	6000000
[F4-addon-overflow-decimal] POST /api/admin/bookings/1/addons -> 400 {"error":"booking.AddAddon insert: Error 1264 (22003): Out of range value for column 'nominal' at row 1"}
--- G. Batal per pax pada booking DP
[G0-detail] GET /api/admin/bookings/1 -> 200 {"id":1,"id_booking":"TPMG49","schedule_id":1,"brand_id":1,"jadwal_nama":"Uji Audit Desember","berangkat_tanggal":"2026-12-20T00:00:00+07:00","pic_jamaah_id":1,"jamaah_id":1,"nama_jamaah":"Ahmad Fauzi Uji","room_type":"Quad","pax_count":3,"regular_pax_count":2,"infant_pax_count":1,"seat_count":1,"harga_dasar":30000000,"status":"baru","is_seat_blocked":true,"seat_hold_expires_at":"2026-10-01T13:41:59Z","total_harga":70000000,"progress_paspor":false,"progress_visa":false,"progress_tiket":false,"progress_hotel":false,"progress_land_arrangement":false,"progress_manasik":false,"progress_siskopatuh"...
[G1-seat-sebelum] SQL SELECT seat_total,seat_sisa FROM schedules WHERE id=1
seat_total	seat_sisa
5	3
[G2-batal-pax-J2-saat-dp] PUT /api/admin/bookings/1/pax/2/cancel -> 200 {"id":1,"id_booking":"TPMG49","schedule_id":1,"brand_id":1,"jadwal_nama":"Uji Audit Desember","berangkat_tanggal":"2026-12-20T00:00:00+07:00","pic_jamaah_id":1,"jamaah_id":1,"nama_jamaah":"Ahmad Fauzi Uji","room_type":"Quad","pax_count":2,"regular_pax_count":1,"infant_pax_count":1,"seat_count":1,"harga_dasar":30000000,"status":"dp","is_seat_blocked":true,"total_harga":40000000,"progress_paspor":false,"progress_visa":false,"progress_tiket":false,"progress_hotel":false,"progress_land_arrangement":false,"progress_manasik":false,"progress_siskopatuh":false,"progress_vaksin_meningitis":false,"siap_...
[G3-seat-sesudah (harap +1)] SQL SELECT seat_total,seat_sisa FROM schedules WHERE id=1
seat_total	seat_sisa
5	4
[G4-harga-pax] SQL SELECT id,jamaah_id,pax_status,harga_pax FROM booking_pax WHERE booking_id=1
id	jamaah_id	pax_status	harga_pax
1	1	aktif	30000000
2	2	batal	0
3	4	aktif	8000000
[G5-total] SQL SELECT id,status,seat_count,is_seat_blocked,seat_hold_expires_at,total_harga,(SELECT COALESCE(SUM(jumlah),0) FROM payments WHERE booking_id=b.id AND status='confirmed') paid FROM bookings b WHERE id=1
id	status	seat_count	is_seat_blocked	seat_hold_expires_at	total_harga	paid
1	dp	1	1	NULL	40000000	6000000
--- H. seat_count vs blokir ulang kursi
[H1-booking-2-reguler] POST /api/admin/bookings -> 201 {"id":8,"id_booking":"TP444Y","schedule_id":1,"brand_id":1,"jadwal_nama":"Uji Audit Desember","berangkat_tanggal":"2026-12-20T00:00:00+07:00","pic_jamaah_id":3,"jamaah_id":3,"nama_jamaah":"Budi Santoso Uji","room_type":"Triple","pax_count":2,"regular_pax_count":2,"infant_pax_count":0,"seat_count":1,"harga_dasar":33000000,"status":"baru","is_seat_blocked":true,"total_harga":66000000,"progress_paspor":false,"progress_visa":false,"progress_tiket":false,"progress_hotel":false,"progress_land_arrangement":false,"progress_manasik":false,"progress_siskopatuh":false,"progress_vaksin_meningitis":false,"...
[H1-db] SQL SELECT id,status,seat_count,is_seat_blocked,seat_hold_expires_at,total_harga,(SELECT COALESCE(SUM(jumlah),0) FROM payments WHERE booking_id=b.id AND status='confirmed') paid FROM bookings b WHERE id=8
id	status	seat_count	is_seat_blocked	seat_hold_expires_at	total_harga	paid
8	baru	1	1	NULL	66000000	0
[H1-seat] SQL SELECT seat_total,seat_sisa FROM schedules WHERE id=1
seat_total	seat_sisa
5	2
[H2-lepas-blokir] DELETE /api/admin/bookings/8/seat-block -> 200 {"id":8,"id_booking":"TP444Y","schedule_id":1,"brand_id":1,"jadwal_nama":"Uji Audit Desember","berangkat_tanggal":"2026-12-20T00:00:00+07:00","pic_jamaah_id":3,"jamaah_id":3,"nama_jamaah":"Budi Santoso Uji","room_type":"Triple","pax_count":2,"regular_pax_count":2,"infant_pax_count":0,"seat_count":1,"harga_dasar":33000000,"status":"baru","is_seat_blocked":false,"total_harga":66000000,"progress_paspor":false,"progress_visa":false,"progress_tiket":false,"progress_hotel":false,"progress_land_arrangement":false,"progress_manasik":false,"progress_siskopatuh":false,"progress_vaksin_meningitis":false,...
[H2-seat (harap +2)] SQL SELECT seat_total,seat_sisa FROM schedules WHERE id=1
seat_total	seat_sisa
5	4
[H3-blokir-ulang] PUT /api/admin/bookings/8/seat-block -> 200 {"id":8,"id_booking":"TP444Y","schedule_id":1,"brand_id":1,"jadwal_nama":"Uji Audit Desember","berangkat_tanggal":"2026-12-20T00:00:00+07:00","pic_jamaah_id":3,"jamaah_id":3,"nama_jamaah":"Budi Santoso Uji","room_type":"Triple","pax_count":2,"regular_pax_count":2,"infant_pax_count":0,"seat_count":1,"harga_dasar":33000000,"status":"baru","is_seat_blocked":true,"total_harga":66000000,"progress_paspor":false,"progress_visa":false,"progress_tiket":false,"progress_hotel":false,"progress_land_arrangement":false,"progress_manasik":false,"progress_siskopatuh":false,"progress_vaksin_meningitis":false,"...
[H3-seat (harap -2)] SQL SELECT seat_total,seat_sisa FROM schedules WHERE id=1
seat_total	seat_sisa
5	3
[H4-batal] PUT /api/admin/bookings/8/status -> 200 {"id":8,"id_booking":"TP444Y","schedule_id":1,"brand_id":1,"jadwal_nama":"Uji Audit Desember","berangkat_tanggal":"2026-12-20T00:00:00+07:00","pic_jamaah_id":3,"jamaah_id":3,"nama_jamaah":"Budi Santoso Uji","room_type":null,"pax_count":0,"regular_pax_count":0,"infant_pax_count":0,"seat_count":1,"harga_dasar":null,"status":"batal","is_seat_blocked":false,"total_harga":66000000,"progress_paspor":false,"progress_visa":false,"progress_tiket":false,"progress_hotel":false,"progress_land_arrangement":false,"progress_manasik":false,"progress_siskopatuh":false,"progress_vaksin_meningitis":false,"siap_b...
[H4-seat (harap kembali ke nilai H1+2)] SQL SELECT seat_total,seat_sisa FROM schedules WHERE id=1
seat_total	seat_sisa
5	5
--- I. Booking batal yang sudah dibayar
[I1-batal-booking-dp] PUT /api/admin/bookings/1/status -> 200 {"id":1,"id_booking":"TPMG49","schedule_id":1,"brand_id":1,"jadwal_nama":"Uji Audit Desember","berangkat_tanggal":"2026-12-20T00:00:00+07:00","pic_jamaah_id":1,"jamaah_id":1,"nama_jamaah":"Ahmad Fauzi Uji","room_type":null,"pax_count":0,"regular_pax_count":0,"infant_pax_count":0,"seat_count":1,"harga_dasar":null,"status":"batal","is_seat_blocked":false,"total_harga":40000000,"progress_paspor":false,"progress_visa":false,"progress_tiket":false,"progress_hotel":false,"progress_land_arrangement":false,"progress_manasik":false,"progress_siskopatuh":false,"progress_vaksin_meningitis":false,"siap_be...
[I1-db] SQL SELECT id,status,seat_count,is_seat_blocked,seat_hold_expires_at,total_harga,(SELECT COALESCE(SUM(jumlah),0) FROM payments WHERE booking_id=b.id AND status='confirmed') paid FROM bookings b WHERE id=1
id	status	seat_count	is_seat_blocked	seat_hold_expires_at	total_harga	paid
1	batal	1	0	NULL	40000000	6000000
[I1-payments] SQL SELECT id,jumlah,status FROM payments WHERE booking_id=1
id	jumlah	status
1	5000000	confirmed
2	1000000	confirmed
[I2-addon-booking-batal] POST /api/admin/bookings/1/addons -> 201 {"id":1,"id_booking":"TPMG49","schedule_id":1,"brand_id":1,"jadwal_nama":"Uji Audit Desember","berangkat_tanggal":"2026-12-20T00:00:00+07:00","pic_jamaah_id":1,"jamaah_id":1,"nama_jamaah":"Ahmad Fauzi Uji","room_type":null,"pax_count":0,"regular_pax_count":0,"infant_pax_count":0,"seat_count":1,"harga_dasar":null,"status":"batal","is_seat_blocked":false,"total_harga":41000000,"progress_paspor":false,"progress_visa":false,"progress_tiket":false,"progress_hotel":false,"progress_land_arrangement":false,"progress_manasik":false,"progress_siskopatuh":false,"progress_vaksin_meningitis":false,"siap_be...
[I3-diskon-booking-batal] POST /api/admin/bookings/1/discounts -> 200 {"id":1,"id_booking":"TPMG49","schedule_id":1,"brand_id":1,"jadwal_nama":"Uji Audit Desember","berangkat_tanggal":"2026-12-20T00:00:00+07:00","pic_jamaah_id":1,"jamaah_id":1,"nama_jamaah":"Ahmad Fauzi Uji","room_type":null,"pax_count":0,"regular_pax_count":0,"infant_pax_count":0,"seat_count":1,"harga_dasar":null,"status":"batal","is_seat_blocked":false,"total_harga":40000000,"progress_paspor":false,"progress_visa":false,"progress_tiket":false,"progress_hotel":false,"progress_land_arrangement":false,"progress_manasik":false,"progress_siskopatuh":false,"progress_vaksin_meningitis":false,"siap_be...
[I4-bayar-booking-batal] POST /api/admin/bookings/1/payments -> 409 {"error":"reservasi tidak aktif; hubungi admin untuk memastikan kursi sebelum pembayaran"}
[I5-progress-booking-batal] PUT /api/admin/bookings/1/progress -> 200 {"id":1,"id_booking":"TPMG49","schedule_id":1,"brand_id":1,"jadwal_nama":"Uji Audit Desember","berangkat_tanggal":"2026-12-20T00:00:00+07:00","pic_jamaah_id":1,"jamaah_id":1,"nama_jamaah":"Ahmad Fauzi Uji","room_type":null,"pax_count":0,"regular_pax_count":0,"infant_pax_count":0,"seat_count":1,"harga_dasar":null,"status":"batal","is_seat_blocked":false,"total_harga":40000000,"progress_paspor":false,"progress_visa":false,"progress_tiket":false,"progress_hotel":true,"progress_land_arrangement":false,"progress_manasik":false,"progress_siskopatuh":false,"progress_vaksin_meningitis":false,"siap_ber...
[I6-batal-dua-kali] PUT /api/admin/bookings/1/status -> 200 {"id":1,"id_booking":"TPMG49","schedule_id":1,"brand_id":1,"jadwal_nama":"Uji Audit Desember","berangkat_tanggal":"2026-12-20T00:00:00+07:00","pic_jamaah_id":1,"jamaah_id":1,"nama_jamaah":"Ahmad Fauzi Uji","room_type":null,"pax_count":0,"regular_pax_count":0,"infant_pax_count":0,"seat_count":1,"harga_dasar":null,"status":"batal","is_seat_blocked":false,"total_harga":40000000,"progress_paspor":false,"progress_visa":false,"progress_tiket":false,"progress_hotel":true,"progress_land_arrangement":false,"progress_manasik":false,"progress_siskopatuh":false,"progress_vaksin_meningitis":false,"siap_ber...
[I7-db-akhir] SQL SELECT id,status,seat_count,is_seat_blocked,seat_hold_expires_at,total_harga,(SELECT COALESCE(SUM(jumlah),0) FROM payments WHERE booking_id=b.id AND status='confirmed') paid FROM bookings b WHERE id=1
id	status	seat_count	is_seat_blocked	seat_hold_expires_at	total_harga	paid
1	batal	1	0	NULL	40000000	6000000
--- J. Progress
[J0-booking-baru] POST /api/admin/bookings -> 201 {"id":9,"id_booking":"TPNDRH","schedule_id":1,"brand_id":1,"jadwal_nama":"Uji Audit Desember","berangkat_tanggal":"2026-12-20T00:00:00+07:00","pic_jamaah_id":3,"jamaah_id":3,"nama_jamaah":"Budi Santoso Uji","room_type":"Quad","pax_count":1,"regular_pax_count":1,"infant_pax_count":0,"seat_count":1,"harga_dasar":30000000,"status":"baru","is_seat_blocked":true,"total_harga":30000000,"progress_paspor":false,"progress_visa":false,"progress_tiket":false,"progress_hotel":false,"progress_land_arrangement":false,"progress_manasik":false,"progress_siskopatuh":false,"progress_vaksin_meningitis":false,"si...
[J1-progress-paspor-manual] PUT /api/admin/bookings/9/progress -> 400 {"error":"status paspor tidak bisa diubah manual, status otomatis tercentang jika dokumen paspor sudah diunggah"}
[J2-progress-visa-pax] PUT /api/admin/bookings/9/pax/9/progress -> 400 {"error":"field progress pax 'progress_visa' tidak valid"}
[J3-progress-visa-pax-key-pendek] PUT /api/admin/bookings/9/pax/9/progress -> 200 {"id":9,"id_booking":"TPNDRH","schedule_id":1,"brand_id":1,"jadwal_nama":"Uji Audit Desember","berangkat_tanggal":"2026-12-20T00:00:00+07:00","pic_jamaah_id":3,"jamaah_id":3,"nama_jamaah":"Budi Santoso Uji","room_type":"Quad","pax_count":1,"regular_pax_count":1,"infant_pax_count":0,"seat_count":1,"harga_dasar":30000000,"status":"baru","is_seat_blocked":true,"total_harga":30000000,"progress_paspor":false,"progress_visa":true,"progress_tiket":false,"progress_hotel":false,"progress_land_arrangement":false,"progress_manasik":false,"progress_siskopatuh":false,"progress_vaksin_meningitis":false,"sia...
[J4-distribusi-tanpa-template] PUT /api/admin/bookings/9/pax/9/perlengkapan/distribusi -> 400 {"error":"template set perlengkapan belum diatur untuk brand ini"}
--- K. Draft
[K1-draft] POST /api/admin/bookings/draft -> 201 {"id":10,"id_booking":null,"schedule_id":1,"brand_id":1,"jadwal_nama":"Uji Audit Desember","berangkat_tanggal":"2026-12-20T00:00:00+07:00","pic_jamaah_id":6,"jamaah_id":6,"nama_jamaah":"Dewi Lestari Uji","room_type":"Quad","pax_count":2,"regular_pax_count":2,"infant_pax_count":0,"seat_count":1,"harga_dasar":30000000,"status":"draft","is_seat_blocked":false,"total_harga":60000000,"progress_paspor":false,"progress_visa":false,"progress_tiket":false,"progress_hotel":false,"progress_land_arrangement":false,"progress_manasik":false,"progress_siskopatuh":false,"progress_vaksin_meningitis":false,"sia...
[K1-seat (draft tidak memotong)] SQL SELECT seat_total,seat_sisa FROM schedules WHERE id=1
seat_total	seat_sisa
5	4
[K2-finalisasi] POST /api/admin/bookings/10/finalize -> 200 {"id":10,"id_booking":"TP9DX8","schedule_id":1,"brand_id":1,"jadwal_nama":"Uji Audit Desember","berangkat_tanggal":"2026-12-20T00:00:00+07:00","pic_jamaah_id":6,"jamaah_id":6,"nama_jamaah":"Dewi Lestari Uji","room_type":"Quad","pax_count":2,"regular_pax_count":2,"infant_pax_count":0,"seat_count":1,"harga_dasar":30000000,"status":"baru","is_seat_blocked":true,"total_harga":60000000,"progress_paspor":false,"progress_visa":false,"progress_tiket":false,"progress_hotel":false,"progress_land_arrangement":false,"progress_manasik":false,"progress_siskopatuh":false,"progress_vaksin_meningitis":false,"s...
[K2-db] SQL SELECT id,status,seat_count,is_seat_blocked,seat_hold_expires_at,total_harga,(SELECT COALESCE(SUM(jumlah),0) FROM payments WHERE booking_id=b.id AND status='confirmed') paid FROM bookings b WHERE id=10
id	status	seat_count	is_seat_blocked	seat_hold_expires_at	total_harga	paid
10	baru	1	1	NULL	60000000	0
[K2-seat] SQL SELECT seat_total,seat_sisa FROM schedules WHERE id=1
seat_total	seat_sisa
5	2
--- L. Hapus jamaah yang punya booking
[L1-hapus-jamaah-berbooking] DELETE /api/admin/jamaah/3 -> 409 {"error":"tidak bisa dihapus, masih dipakai oleh data booking"}
[Z-seat-akhir] SQL SELECT seat_total,seat_sisa FROM schedules WHERE id=1
seat_total	seat_sisa
5	2
[Z-rekonsiliasi] SQL SELECT s.seat_total, s.seat_sisa, (SELECT COUNT(*) FROM booking_pax p JOIN bookings b ON b.id=p.booking_id WHERE b.schedule_id=s.id AND b.is_seat_blocked=1 AND b.status<>'batal' AND p.counts_for_seat=1 AND p.pax_status='aktif') kursi_terpakai_sebenarnya, (SELECT COALESCE(SUM(seat_count),0) FROM bookings b WHERE b.schedule_id=s.id AND b.is_seat_blocked=1 AND b.status<>'batal') sum_seat_count FROM schedules s WHERE s.id=1
seat_total	seat_sisa	kursi_terpakai_sebenarnya	sum_seat_count
5	2	3	2
===== RUN3 2026-09-30T20:43:40 =====
[login-tp] POST /api/auth/login -> 200 {"user_id":2,"display_name":"admin.tp","email":"admin.tp@local.test","role":"admin","access_token":"***","refresh_token":"***","expires_in":900,"token_type":"Bearer"}
[login-bu] POST /api/auth/login -> 200 {"user_id":3,"display_name":"admin.bu","email":"admin.bu@local.test","role":"admin","access_token":"***","refresh_token":"***","expires_in":900,"token_type":"Bearer"}
--- Q. Penyesuaian kuota kursi manual memakai SUM(seat_count)
[Q0-rekonsiliasi] SQL SELECT s.seat_total, s.seat_sisa, (SELECT COUNT(*) FROM booking_pax p JOIN bookings b ON b.id=p.booking_id WHERE b.schedule_id=s.id AND b.is_seat_blocked=1 AND b.status<>'batal' AND p.counts_for_seat=1 AND p.pax_status='aktif') terpakai, (SELECT COALESCE(SUM(seat_count),0) FROM bookings b WHERE b.schedule_id=s.id AND b.is_seat_blocked=1 AND b.status<>'batal') sum_seat_count FROM schedules s WHERE s.id=1
seat_total	seat_sisa	terpakai	sum_seat_count
5	2	3	2
[Q1-set-sisa-3-padahal-terpakai-3-dari-5] PUT /api/admin/schedules/1/seat -> 200 {"id":1,"seat_sisa":3}
[Q2-seat] SQL SELECT seat_total,seat_sisa FROM schedules WHERE id=1
seat_total	seat_sisa
5	3
--- M. Booking admin berbayar turun ke baru -> hold 24 jam -> dilepas worker
[M0a-jamaah] POST /api/admin/jamaah -> 201 {"id":11,"brand_id":1,"id_jamaah":"TP-2609000008","kode_jamaah":"5ZZFCS","nama_lengkap":"Hasan Uji Hold","jenis_kelamin":"L","nama_ayah_kandung":null,"nik":"3171010101750011","tempat_lahir":null,"tanggal_lahir":"1975-01-01","no_paspor":null,"tempat_paspor_keluar":null,"tanggal_paspor_keluar":null,"paspor_berlaku_sampai":null,"no_hp":null,"email":null,"pekerjaan":null,"pendidikan_terakhir":null,"penjamin_kesehatan":null,"no_asuransi_bpjs":null,"alamat":null,"kota":null,"catatan":null,"status":"aktif","emergency_nama":null,"emergency_nik":null,"emergency_hp":null,"emergency_hubungan":null,"emerg...
[M0b-jamaah] POST /api/admin/jamaah -> 201 {"id":12,"brand_id":1,"id_jamaah":"TP-2609000009","kode_jamaah":"KXXCDE","nama_lengkap":"Husain Uji Hold","jenis_kelamin":"L","nama_ayah_kandung":null,"nik":"3171010101760012","tempat_lahir":null,"tanggal_lahir":"1976-01-01","no_paspor":null,"tempat_paspor_keluar":null,"tanggal_paspor_keluar":null,"paspor_berlaku_sampai":null,"no_hp":null,"email":null,"pekerjaan":null,"pendidikan_terakhir":null,"penjamin_kesehatan":null,"no_asuransi_bpjs":null,"alamat":null,"kota":null,"catatan":null,"status":"aktif","emergency_nama":null,"emergency_nik":null,"emergency_hp":null,"emergency_hubungan":null,"emer...
[M1-booking-2-pax] POST /api/admin/bookings -> 201 {"id":11,"id_booking":"TPXCZL","schedule_id":1,"brand_id":1,"jadwal_nama":"Uji Audit Desember","berangkat_tanggal":"2026-12-20T00:00:00+07:00","pic_jamaah_id":11,"jamaah_id":11,"nama_jamaah":"Hasan Uji Hold","room_type":"Quad","pax_count":2,"regular_pax_count":2,"infant_pax_count":0,"seat_count":1,"harga_dasar":30000000,"status":"baru","is_seat_blocked":true,"total_harga":60000000,"progress_paspor":false,"progress_visa":false,"progress_tiket":false,"progress_hotel":false,"progress_land_arrangement":false,"progress_manasik":false,"progress_siskopatuh":false,"progress_vaksin_meningitis":false,"s...
[M1-db] SQL SELECT id,status,seat_count,is_seat_blocked,seat_hold_expires_at,total_harga,(SELECT COALESCE(SUM(jumlah),0) FROM payments WHERE booking_id=b.id AND status='confirmed') paid FROM bookings b WHERE id=11
id	status	seat_count	is_seat_blocked	seat_hold_expires_at	total_harga	paid
11	baru	1	1	NULL	60000000	0
[M1-seat] SQL SELECT seat_total,seat_sisa FROM schedules WHERE id=1
seat_total	seat_sisa
5	1
[M2-bayar-6jt] POST /api/admin/bookings/11/payments -> 201 {"id":3,"booking_id":11,"jumlah":6000000,"metode":"transfer","tanggal":"2026-09-30","status":"confirmed","bukti_url":null,"bank_account_id":null,"destination_bank_name":null,"destination_account_number":null,"destination_account_holder":null,"sender_name":null,"sender_bank":null,"notes":null,"source":"admin","rejection_reason":null,"verified_by":2,"verified_at":"2026-09-30T20:43:43+07:00","created_at":"2026-09-30T20:43:42+07:00"}
[M2-db] SQL SELECT id,status,seat_count,is_seat_blocked,seat_hold_expires_at,total_harga,(SELECT COALESCE(SUM(jumlah),0) FROM payments WHERE booking_id=b.id AND status='confirmed') paid FROM bookings b WHERE id=11
id	status	seat_count	is_seat_blocked	seat_hold_expires_at	total_harga	paid
11	baru	1	1	NULL	60000000	6000000
[M3-diskon-54jt (total 6jt = paid)] POST /api/admin/bookings/11/discounts -> 200 {"id":11,"id_booking":"TPXCZL","schedule_id":1,"brand_id":1,"jadwal_nama":"Uji Audit Desember","berangkat_tanggal":"2026-12-20T00:00:00+07:00","pic_jamaah_id":11,"jamaah_id":11,"nama_jamaah":"Hasan Uji Hold","room_type":"Quad","pax_count":2,"regular_pax_count":2,"infant_pax_count":0,"seat_count":1,"harga_dasar":30000000,"status":"lunas","is_seat_blocked":true,"total_harga":6000000,"progress_paspor":false,"progress_visa":false,"progress_tiket":false,"progress_hotel":false,"progress_land_arrangement":false,"progress_manasik":false,"progress_siskopatuh":false,"progress_vaksin_meningitis":false,"s...
[M3-db] SQL SELECT id,status,seat_count,is_seat_blocked,seat_hold_expires_at,total_harga,(SELECT COALESCE(SUM(jumlah),0) FROM payments WHERE booking_id=b.id AND status='confirmed') paid FROM bookings b WHERE id=11
id	status	seat_count	is_seat_blocked	seat_hold_expires_at	total_harga	paid
11	lunas	1	1	NULL	6000000	6000000
[M3-komisi] SQL SELECT COUNT(*) komisi_rows FROM information_schema.TABLES WHERE TABLE_SCHEMA=DATABASE() AND TABLE_NAME LIKE 'komisi%'
komisi_rows
0
[M4-koreksi-hapus-diskon] DELETE /api/admin/bookings/11/discounts/3 -> 200 {"id":11,"id_booking":"TPXCZL","schedule_id":1,"brand_id":1,"jadwal_nama":"Uji Audit Desember","berangkat_tanggal":"2026-12-20T00:00:00+07:00","pic_jamaah_id":11,"jamaah_id":11,"nama_jamaah":"Hasan Uji Hold","room_type":"Quad","pax_count":2,"regular_pax_count":2,"infant_pax_count":0,"seat_count":1,"harga_dasar":30000000,"status":"baru","is_seat_blocked":true,"seat_hold_expires_at":"2026-10-01T13:43:42Z","total_harga":60000000,"progress_paspor":false,"progress_visa":false,"progress_tiket":false,"progress_hotel":false,"progress_land_arrangement":false,"progress_manasik":false,"progress_siskopatu...
[M4-db (status turun, ada hold 24 jam?)] SQL SELECT id,status,seat_count,is_seat_blocked,seat_hold_expires_at,total_harga,(SELECT COALESCE(SUM(jumlah),0) FROM payments WHERE booking_id=b.id AND status='confirmed') paid FROM bookings b WHERE id=11
id	status	seat_count	is_seat_blocked	seat_hold_expires_at	total_harga	paid
11	baru	1	1	2026-10-01 20:43:42	60000000	6000000
[M5] fixture: seat_hold_expires_at dimundurkan 1 menit untuk mensimulasikan 24 jam berlalu; menunggu worker (tiap menit)...
[M6-db setelah worker] SQL SELECT id,status,seat_count,is_seat_blocked,seat_hold_expires_at,total_harga,(SELECT COALESCE(SUM(jumlah),0) FROM payments WHERE booking_id=b.id AND status='confirmed') paid FROM bookings b WHERE id=11
id	status	seat_count	is_seat_blocked	seat_hold_expires_at	total_harga	paid
11	baru	1	0	NULL	60000000	6000000
[M6-seat (harap +2 jika dilepas benar)] SQL SELECT seat_total,seat_sisa FROM schedules WHERE id=1
seat_total	seat_sisa
5	2
--- N. Isolasi brand untuk operasi ubah (token brand 2 pada booking brand 1)
[N1-batal] PUT /api/admin/bookings/9/status -> 404 {"error":"data tidak ditemukan"}
[N2-addon] POST /api/admin/bookings/9/addons -> 404 {"error":"data tidak ditemukan"}
[N3-batal-pax] PUT /api/admin/bookings/9/pax/9/cancel -> 404 {"error":"data tidak ditemukan"}
[N4-list-payment] GET /api/admin/bookings/9/payments -> 404 {"error":"booking_id tidak ditemukan atau bukan milik brand Anda"}
[N5-konfirmasi-payment] PUT /api/admin/payments/1/status -> 404 {"error":"data tidak ditemukan"}
[N6-inbox-payment] GET /api/admin/payments -> 200 []
[N7-dokumen] GET /api/admin/jamaah/1/dokumen -> 404 {"error":"jamaah_id tidak ditemukan atau bukan milik brand Anda"}
--- O. Dokumen admin
[O1-url-eksternal] POST /api/admin/jamaah/1/dokumen -> 200 {"version":1,"rejection_reason":null,"id":1,"jamaah_id":1,"jenis":"paspor","file_url":"https://contoh-luar.example/paspor.pdf","status":"submitted","updated_at":"2026-09-30T20:44:57+07:00"}
[O2-path-traversal] POST /api/admin/jamaah/1/dokumen -> 200 {"version":2,"rejection_reason":null,"id":1,"jamaah_id":1,"jenis":"paspor","file_url":"/uploads/../../.env","status":"submitted","updated_at":"2026-09-30T20:44:57+07:00"}
[O3-file-tidak-ada] POST /api/admin/jamaah/1/dokumen -> 200 {"version":3,"rejection_reason":null,"id":1,"jamaah_id":1,"jenis":"paspor","file_url":"/uploads/tidak-ada.pdf","status":"submitted","updated_at":"2026-09-30T20:44:57+07:00"}
--- P. Validasi data jamaah
[P1-tgl-lahir-masa-depan] POST /api/admin/jamaah -> 201 {"id":13,"brand_id":1,"id_jamaah":"TP-2609000010","kode_jamaah":"DALC4M","nama_lengkap":"Lahir Masa Depan","jenis_kelamin":null,"nama_ayah_kandung":null,"nik":null,"tempat_lahir":null,"tanggal_lahir":"2030-01-01","no_paspor":null,"tempat_paspor_keluar":null,"tanggal_paspor_keluar":null,"paspor_berlaku_sampai":null,"no_hp":null,"email":null,"pekerjaan":null,"pendidikan_terakhir":null,"penjamin_kesehatan":null,"no_asuransi_bpjs":null,"alamat":null,"kota":null,"catatan":null,"status":"aktif","emergency_nama":null,"emergency_nik":null,"emergency_hp":null,"emergency_hubungan":null,"emergency_alamat...
[P2-email-invalid] POST /api/admin/jamaah -> 201 {"id":14,"brand_id":1,"id_jamaah":"TP-2609000011","kode_jamaah":"JZBMEH","nama_lengkap":"Email Salah","jenis_kelamin":null,"nama_ayah_kandung":null,"nik":null,"tempat_lahir":null,"tanggal_lahir":null,"no_paspor":null,"tempat_paspor_keluar":null,"tanggal_paspor_keluar":null,"paspor_berlaku_sampai":null,"no_hp":null,"email":"bukan-email","pekerjaan":null,"pendidikan_terakhir":null,"penjamin_kesehatan":null,"no_asuransi_bpjs":null,"alamat":null,"kota":null,"catatan":null,"status":"aktif","emergency_nama":null,"emergency_nik":null,"emergency_hp":null,"emergency_hubungan":null,"emergency_alamat":nu...
[P3-hp-invalid] POST /api/admin/jamaah -> 201 {"id":15,"brand_id":1,"id_jamaah":"TP-2609000012","kode_jamaah":"RMGHF9","nama_lengkap":"HP Salah","jenis_kelamin":null,"nama_ayah_kandung":null,"nik":null,"tempat_lahir":null,"tanggal_lahir":null,"no_paspor":null,"tempat_paspor_keluar":null,"tanggal_paspor_keluar":null,"paspor_berlaku_sampai":null,"no_hp":"abc","email":null,"pekerjaan":null,"pendidikan_terakhir":null,"penjamin_kesehatan":null,"no_asuransi_bpjs":null,"alamat":null,"kota":null,"catatan":null,"status":"aktif","emergency_nama":null,"emergency_nik":null,"emergency_hp":null,"emergency_hubungan":null,"emergency_alamat":null,"created...
[P4-paspor-kedaluwarsa] POST /api/admin/jamaah -> 201 {"id":16,"brand_id":1,"id_jamaah":"TP-2609000013","kode_jamaah":"MS956H","nama_lengkap":"Paspor Kedaluwarsa","jenis_kelamin":null,"nama_ayah_kandung":null,"nik":null,"tempat_lahir":null,"tanggal_lahir":null,"no_paspor":"X1234567","tempat_paspor_keluar":null,"tanggal_paspor_keluar":null,"paspor_berlaku_sampai":"2020-01-01","no_hp":null,"email":null,"pekerjaan":null,"pendidikan_terakhir":null,"penjamin_kesehatan":null,"no_asuransi_bpjs":null,"alamat":null,"kota":null,"catatan":null,"status":"aktif","emergency_nama":null,"emergency_nik":null,"emergency_hp":null,"emergency_hubungan":null,"emergenc...
[P5-format-tanggal-salah] POST /api/admin/jamaah -> 500 {"error":"terjadi kesalahan internal: jamaah.Create: Error 1292 (22007): Incorrect date value: '31-12-1990' for column 'tanggal_lahir' at row 1"}
[P6-nama-kosong] POST /api/admin/jamaah -> 400 {"error":"nama_lengkap wajib diisi"}
===== RUN4 2026-09-30T20:45:33 =====
[login-tp] POST /api/auth/login -> 200 {"user_id":2,"display_name":"admin.tp","email":"admin.tp@local.test","role":"admin","access_token":"***","refresh_token":"***","expires_in":900,"token_type":"Bearer"}
--- R. Static /uploads dengan path traversal (raw, tanpa normalisasi klien)
[R] GET /uploads/../../.env -> HTTP/1.1 404 Not Found ; berisi isi .env: False
[R] GET /uploads/..%2F..%2F.env -> HTTP/1.1 404 Not Found ; berisi isi .env: False
[R] GET /uploads/%2e%2e/%2e%2e/.env -> HTTP/1.1 404 Not Found ; berisi isi .env: False
[R] GET /uploads/..\..\.env -> HTTP/1.1 404 Not Found ; berisi isi .env: False
--- S. Perebutan kursi bersamaan
[S0-jamaah-1] POST /api/admin/jamaah -> 201 {"id":17,"brand_id":1,"id_jamaah":"TP-2609000014","kode_jamaah":"8R44VU","nama_lengkap":"Rebutan 1","jenis_kelamin":"L","nama_ayah_kandung":null,"nik":"3171010101900021","tempat_lahir":null,"tanggal_lahir":"1990-01-01","no_paspor":null,"tempat_paspor_keluar":null,"tanggal_paspor_keluar":null,"paspor_berlaku_sampai":null,"no_hp":null,"email":null,"pekerjaan":null,"pendidikan_terakhir":null,"penjamin_kesehatan":null,"no_asuransi_bpjs":null,"alamat":null,"kota":null,"catatan":null,"status":"aktif","emergency_nama":null,"emergency_nik":null,"emergency_hp":null,"emergency_hubungan":null,"emergency_...
[S0-jamaah-2] POST /api/admin/jamaah -> 201 {"id":18,"brand_id":1,"id_jamaah":"TP-2609000015","kode_jamaah":"6YW6D5","nama_lengkap":"Rebutan 2","jenis_kelamin":"L","nama_ayah_kandung":null,"nik":"3171010101900022","tempat_lahir":null,"tanggal_lahir":"1990-01-01","no_paspor":null,"tempat_paspor_keluar":null,"tanggal_paspor_keluar":null,"paspor_berlaku_sampai":null,"no_hp":null,"email":null,"pekerjaan":null,"pendidikan_terakhir":null,"penjamin_kesehatan":null,"no_asuransi_bpjs":null,"alamat":null,"kota":null,"catatan":null,"status":"aktif","emergency_nama":null,"emergency_nik":null,"emergency_hp":null,"emergency_hubungan":null,"emergency_...
[S0-jamaah-3] POST /api/admin/jamaah -> 201 {"id":19,"brand_id":1,"id_jamaah":"TP-2609000016","kode_jamaah":"DZT7W2","nama_lengkap":"Rebutan 3","jenis_kelamin":"L","nama_ayah_kandung":null,"nik":"3171010101900023","tempat_lahir":null,"tanggal_lahir":"1990-01-01","no_paspor":null,"tempat_paspor_keluar":null,"tanggal_paspor_keluar":null,"paspor_berlaku_sampai":null,"no_hp":null,"email":null,"pekerjaan":null,"pendidikan_terakhir":null,"penjamin_kesehatan":null,"no_asuransi_bpjs":null,"alamat":null,"kota":null,"catatan":null,"status":"aktif","emergency_nama":null,"emergency_nik":null,"emergency_hp":null,"emergency_hubungan":null,"emergency_...
[S0-jamaah-4] POST /api/admin/jamaah -> 201 {"id":20,"brand_id":1,"id_jamaah":"TP-2609000017","kode_jamaah":"E4E9KB","nama_lengkap":"Rebutan 4","jenis_kelamin":"L","nama_ayah_kandung":null,"nik":"3171010101900024","tempat_lahir":null,"tanggal_lahir":"1990-01-01","no_paspor":null,"tempat_paspor_keluar":null,"tanggal_paspor_keluar":null,"paspor_berlaku_sampai":null,"no_hp":null,"email":null,"pekerjaan":null,"pendidikan_terakhir":null,"penjamin_kesehatan":null,"no_asuransi_bpjs":null,"alamat":null,"kota":null,"catatan":null,"status":"aktif","emergency_nama":null,"emergency_nik":null,"emergency_hp":null,"emergency_hubungan":null,"emergency_...
[S1-seat-disetel-2] SQL SELECT seat_total,seat_sisa FROM schedules WHERE id=1
seat_total	seat_sisa
5	2
[S2-paralel-1] POST /api/admin/bookings -> 201 {"id":13,"id_booking":"TPENSM","schedule_id":1,"brand_id":1,"jadwal_nama":"Uji Audit Desember","berangkat_tanggal":"2026-12-20T00:00:00+07:00","pic_jamaah_id":1
[S2-paralel-2] POST /api/admin/bookings -> 201 {"id":12,"id_booking":"TPNEJ8","schedule_id":1,"brand_id":1,"jadwal_nama":"Uji Audit Desember","berangkat_tanggal":"2026-12-20T00:00:00+07:00","pic_jamaah_id":1
[S2-paralel-3] POST /api/admin/bookings -> 400 {"error":"Kuota kursi tidak mencukupi, sisa 0 kursi"}

[S2-paralel-4] POST /api/admin/bookings -> 400 {"error":"Kuota kursi tidak mencukupi, sisa 0 kursi"}

[S3-seat-akhir (harap 0, bukan negatif)] SQL SELECT seat_total,seat_sisa FROM schedules WHERE id=1
seat_total	seat_sisa
5	0
===== RUN5 verifikasi perbaikan JB-02/03/04 2026-09-30T20:56:53 =====
[login-tp] POST /api/auth/login -> 200 {"user_id":2,"display_name":"admin.tp","email":"admin.tp@local.test","role":"admin","access_token":"***","refresh_token":"***","expires_in":900,"token_type":"Bearer"}
[V0-fixture-kapasitas-12-sisa-direkonsiliasi] SQL SELECT s.seat_total, s.seat_sisa, (SELECT COUNT(*) FROM booking_pax p JOIN bookings b ON b.id=p.booking_id WHERE b.schedule_id=s.id AND b.is_seat_blocked=1 AND b.status<>'batal' AND p.counts_for_seat=1 AND p.pax_status='aktif') terpakai FROM schedules s WHERE s.id=1
seat_total	seat_sisa	terpakai
12	7	5
[V0-jamaah-Verif V1] POST /api/admin/jamaah -> 201 {"id":41,"brand_id":1,"id_jamaah":"TP-2609000018","kode_jamaah":"S7JQJ7","nama_lengkap":"Verif V1","jenis_kelamin":"L","nama_ayah_kandung":null,"nik":"3171010101660001","tempat_lahir":null,"tanggal_lahir":"1980-01-01","no_paspor":null,"tempat_paspor_keluar":null,"tanggal_paspor_keluar":null,"paspor_berlaku_sampai":null,"no_hp":null,"email":null,"pekerjaan":null,"pendidikan_terakhir":null,"penjamin_kesehatan":null,"no_asuransi_bpjs":null,"alamat":null,"kota":null,"catatan":null,"status":"aktif","emergency_nama":null,"emergency_nik":null,"emergency_hp":null,"emergency_hubungan":null,"emergency_a...
[V0-jamaah-Verif V2] POST /api/admin/jamaah -> 201 {"id":42,"brand_id":1,"id_jamaah":"TP-2609000019","kode_jamaah":"JN5U2B","nama_lengkap":"Verif V2","jenis_kelamin":"L","nama_ayah_kandung":null,"nik":"3171010101660002","tempat_lahir":null,"tanggal_lahir":"1980-01-01","no_paspor":null,"tempat_paspor_keluar":null,"tanggal_paspor_keluar":null,"paspor_berlaku_sampai":null,"no_hp":null,"email":null,"pekerjaan":null,"pendidikan_terakhir":null,"penjamin_kesehatan":null,"no_asuransi_bpjs":null,"alamat":null,"kota":null,"catatan":null,"status":"aktif","emergency_nama":null,"emergency_nik":null,"emergency_hp":null,"emergency_hubungan":null,"emergency_a...
[V0-jamaah-Verif V3] POST /api/admin/jamaah -> 201 {"id":43,"brand_id":1,"id_jamaah":"TP-2609000020","kode_jamaah":"RTUDEG","nama_lengkap":"Verif V3","jenis_kelamin":"L","nama_ayah_kandung":null,"nik":"3171010101660003","tempat_lahir":null,"tanggal_lahir":"1980-01-01","no_paspor":null,"tempat_paspor_keluar":null,"tanggal_paspor_keluar":null,"paspor_berlaku_sampai":null,"no_hp":null,"email":null,"pekerjaan":null,"pendidikan_terakhir":null,"penjamin_kesehatan":null,"no_asuransi_bpjs":null,"alamat":null,"kota":null,"catatan":null,"status":"aktif","emergency_nama":null,"emergency_nik":null,"emergency_hp":null,"emergency_hubungan":null,"emergency_a...
[V0-jamaah-Verif V4] POST /api/admin/jamaah -> 201 {"id":44,"brand_id":1,"id_jamaah":"TP-2609000021","kode_jamaah":"9XB44A","nama_lengkap":"Verif V4","jenis_kelamin":"L","nama_ayah_kandung":null,"nik":"3171010101660004","tempat_lahir":null,"tanggal_lahir":"1980-01-01","no_paspor":null,"tempat_paspor_keluar":null,"tanggal_paspor_keluar":null,"paspor_berlaku_sampai":null,"no_hp":null,"email":null,"pekerjaan":null,"pendidikan_terakhir":null,"penjamin_kesehatan":null,"no_asuransi_bpjs":null,"alamat":null,"kota":null,"catatan":null,"status":"aktif","emergency_nama":null,"emergency_nik":null,"emergency_hp":null,"emergency_hubungan":null,"emergency_a...
[V0-jamaah-Verif V5] POST /api/admin/jamaah -> 201 {"id":45,"brand_id":1,"id_jamaah":"TP-2609000022","kode_jamaah":"6FTDKX","nama_lengkap":"Verif V5","jenis_kelamin":"L","nama_ayah_kandung":null,"nik":"3171010101660005","tempat_lahir":null,"tanggal_lahir":"1980-01-01","no_paspor":null,"tempat_paspor_keluar":null,"tanggal_paspor_keluar":null,"paspor_berlaku_sampai":null,"no_hp":null,"email":null,"pekerjaan":null,"pendidikan_terakhir":null,"penjamin_kesehatan":null,"no_asuransi_bpjs":null,"alamat":null,"kota":null,"catatan":null,"status":"aktif","emergency_nama":null,"emergency_nik":null,"emergency_hp":null,"emergency_hubungan":null,"emergency_a...
[V0-jamaah-Verif V6] POST /api/admin/jamaah -> 201 {"id":46,"brand_id":1,"id_jamaah":"TP-2609000023","kode_jamaah":"WAG5JC","nama_lengkap":"Verif V6","jenis_kelamin":"L","nama_ayah_kandung":null,"nik":"3171010101660006","tempat_lahir":null,"tanggal_lahir":"1980-01-01","no_paspor":null,"tempat_paspor_keluar":null,"tanggal_paspor_keluar":null,"paspor_berlaku_sampai":null,"no_hp":null,"email":null,"pekerjaan":null,"pendidikan_terakhir":null,"penjamin_kesehatan":null,"no_asuransi_bpjs":null,"alamat":null,"kota":null,"catatan":null,"status":"aktif","emergency_nama":null,"emergency_nik":null,"emergency_hp":null,"emergency_hubungan":null,"emergency_a...
[V0-jamaah-Verif V7] POST /api/admin/jamaah -> 201 {"id":47,"brand_id":1,"id_jamaah":"TP-2609000024","kode_jamaah":"35WF7T","nama_lengkap":"Verif V7","jenis_kelamin":"L","nama_ayah_kandung":null,"nik":"3171010101660007","tempat_lahir":null,"tanggal_lahir":"1980-01-01","no_paspor":null,"tempat_paspor_keluar":null,"tanggal_paspor_keluar":null,"paspor_berlaku_sampai":null,"no_hp":null,"email":null,"pekerjaan":null,"pendidikan_terakhir":null,"penjamin_kesehatan":null,"no_asuransi_bpjs":null,"alamat":null,"kota":null,"catatan":null,"status":"aktif","emergency_nama":null,"emergency_nik":null,"emergency_hp":null,"emergency_hubungan":null,"emergency_a...
[V0-jamaah-Verif V8] POST /api/admin/jamaah -> 201 {"id":48,"brand_id":1,"id_jamaah":"TP-2609000025","kode_jamaah":"5ZJKC4","nama_lengkap":"Verif V8","jenis_kelamin":"L","nama_ayah_kandung":null,"nik":"3171010101660008","tempat_lahir":null,"tanggal_lahir":"1980-01-01","no_paspor":null,"tempat_paspor_keluar":null,"tanggal_paspor_keluar":null,"paspor_berlaku_sampai":null,"no_hp":null,"email":null,"pekerjaan":null,"pendidikan_terakhir":null,"penjamin_kesehatan":null,"no_asuransi_bpjs":null,"alamat":null,"kota":null,"catatan":null,"status":"aktif","emergency_nama":null,"emergency_nik":null,"emergency_hp":null,"emergency_hubungan":null,"emergency_a...
[V0-jamaah-Verif V9] POST /api/admin/jamaah -> 201 {"id":49,"brand_id":1,"id_jamaah":"TP-2609000026","kode_jamaah":"M2MHX4","nama_lengkap":"Verif V9","jenis_kelamin":"L","nama_ayah_kandung":null,"nik":"3171010101660009","tempat_lahir":null,"tanggal_lahir":"1980-01-01","no_paspor":null,"tempat_paspor_keluar":null,"tanggal_paspor_keluar":null,"paspor_berlaku_sampai":null,"no_hp":null,"email":null,"pekerjaan":null,"pendidikan_terakhir":null,"penjamin_kesehatan":null,"no_asuransi_bpjs":null,"alamat":null,"kota":null,"catatan":null,"status":"aktif","emergency_nama":null,"emergency_nik":null,"emergency_hp":null,"emergency_hubungan":null,"emergency_a...
--- JB-02: seat_count diisi & blokir ulang memakai jumlah benar
[V1-booking-2-reguler] POST /api/admin/bookings -> 201 {"id":30,"id_booking":"TPRNCE","schedule_id":1,"brand_id":1,"jadwal_nama":"Uji Audit Desember","berangkat_tanggal":"2026-12-20T00:00:00+07:00","pic_jamaah_id":41,"jamaah_id":41,"nama_jamaah":"Verif V1","room_type":"Quad","pax_count":2,"regular_pax_count":2,"infant_pax_count":0,"seat_count":2,"harga_dasar":30000000,"status":"baru","is_seat_blocked":true,"total_harga":60000000,"progress_paspor":false,"progress_visa":false,"progress_tiket":false,"progress_hotel":false,"progress_land_arrangement":false,"progress_manasik":false,"progress_siskopatuh":false,"progress_vaksin_meningitis":false,"siap_be...
[V1-db (harap seat_count 2)] SQL SELECT id,status,seat_count,is_seat_blocked,seat_hold_expires_at,total_harga,(SELECT COALESCE(SUM(jumlah),0) FROM payments WHERE booking_id=b.id AND status='confirmed') paid FROM bookings b WHERE id=30
id	status	seat_count	is_seat_blocked	seat_hold_expires_at	total_harga	paid
30	baru	2	1	NULL	60000000	0
[V1-seat] SQL SELECT seat_total,seat_sisa FROM schedules WHERE id=1
seat_total	seat_sisa
12	5
[V2a-lepas-blokir] DELETE /api/admin/bookings/30/seat-block -> 200 {"id":30,"id_booking":"TPRNCE","schedule_id":1,"brand_id":1,"jadwal_nama":"Uji Audit Desember","berangkat_tanggal":"2026-12-20T00:00:00+07:00","pic_jamaah_id":41,"jamaah_id":41,"nama_jamaah":"Verif V1","room_type":"Quad","pax_count":2,"regular_pax_count":2,"infant_pax_count":0,"seat_count":2,"harga_dasar":30000000,"status":"baru","is_seat_blocked":false,"total_harga":60000000,"progress_paspor":false,"progress_visa":false,"progress_tiket":false,"progress_hotel":false,"progress_land_arrangement":false,"progress_manasik":false,"progress_siskopatuh":false,"progress_vaksin_meningitis":false,"siap_b...
[V2a-seat (+2)] SQL SELECT seat_total,seat_sisa FROM schedules WHERE id=1
seat_total	seat_sisa
12	7
[V2b-blokir-ulang] PUT /api/admin/bookings/30/seat-block -> 200 {"id":30,"id_booking":"TPRNCE","schedule_id":1,"brand_id":1,"jadwal_nama":"Uji Audit Desember","berangkat_tanggal":"2026-12-20T00:00:00+07:00","pic_jamaah_id":41,"jamaah_id":41,"nama_jamaah":"Verif V1","room_type":"Quad","pax_count":2,"regular_pax_count":2,"infant_pax_count":0,"seat_count":2,"harga_dasar":30000000,"status":"baru","is_seat_blocked":true,"total_harga":60000000,"progress_paspor":false,"progress_visa":false,"progress_tiket":false,"progress_hotel":false,"progress_land_arrangement":false,"progress_manasik":false,"progress_siskopatuh":false,"progress_vaksin_meningitis":false,"siap_be...
[V2b-seat (-2)] SQL SELECT seat_total,seat_sisa FROM schedules WHERE id=1
seat_total	seat_sisa
12	5
[V2c-batal] PUT /api/admin/bookings/30/status -> 200 {"id":30,"id_booking":"TPRNCE","schedule_id":1,"brand_id":1,"jadwal_nama":"Uji Audit Desember","berangkat_tanggal":"2026-12-20T00:00:00+07:00","pic_jamaah_id":41,"jamaah_id":41,"nama_jamaah":"Verif V1","room_type":null,"pax_count":0,"regular_pax_count":0,"infant_pax_count":0,"seat_count":2,"harga_dasar":null,"status":"batal","is_seat_blocked":false,"total_harga":60000000,"progress_paspor":false,"progress_visa":false,"progress_tiket":false,"progress_hotel":false,"progress_land_arrangement":false,"progress_manasik":false,"progress_siskopatuh":false,"progress_vaksin_meningitis":false,"siap_berang...
[V2c-seat (+2)] SQL SELECT seat_total,seat_sisa FROM schedules WHERE id=1
seat_total	seat_sisa
12	7
--- JB-02: batal per pax menyelaraskan seat_count
[V3-booking-3-reguler] POST /api/admin/bookings -> 201 {"id":31,"id_booking":"TPFRYS","schedule_id":1,"brand_id":1,"jadwal_nama":"Uji Audit Desember","berangkat_tanggal":"2026-12-20T00:00:00+07:00","pic_jamaah_id":43,"jamaah_id":43,"nama_jamaah":"Verif V3","room_type":"Quad","pax_count":3,"regular_pax_count":3,"infant_pax_count":0,"seat_count":3,"harga_dasar":30000000,"status":"baru","is_seat_blocked":true,"total_harga":90000000,"progress_paspor":false,"progress_visa":false,"progress_tiket":false,"progress_hotel":false,"progress_land_arrangement":false,"progress_manasik":false,"progress_siskopatuh":false,"progress_vaksin_meningitis":false,"siap_be...
[V3-db (seat_count 3)] SQL SELECT id,status,seat_count,is_seat_blocked,seat_hold_expires_at,total_harga,(SELECT COALESCE(SUM(jumlah),0) FROM payments WHERE booking_id=b.id AND status='confirmed') paid FROM bookings b WHERE id=31
id	status	seat_count	is_seat_blocked	seat_hold_expires_at	total_harga	paid
31	baru	3	1	NULL	90000000	0
[V3-seat] SQL SELECT seat_total,seat_sisa FROM schedules WHERE id=1
seat_total	seat_sisa
12	4
[V3a-batal-pax] PUT /api/admin/bookings/31/pax/38/cancel -> 200 {"id":31,"id_booking":"TPFRYS","schedule_id":1,"brand_id":1,"jadwal_nama":"Uji Audit Desember","berangkat_tanggal":"2026-12-20T00:00:00+07:00","pic_jamaah_id":43,"jamaah_id":43,"nama_jamaah":"Verif V3","room_type":"Quad","pax_count":2,"regular_pax_count":2,"infant_pax_count":0,"seat_count":2,"harga_dasar":30000000,"status":"baru","is_seat_blocked":true,"total_harga":60000000,"progress_paspor":false,"progress_visa":false,"progress_tiket":false,"progress_hotel":false,"progress_land_arrangement":false,"progress_manasik":false,"progress_siskopatuh":false,"progress_vaksin_meningitis":false,"siap_be...
[V3a-db (seat_count 2)] SQL SELECT id,status,seat_count,is_seat_blocked,seat_hold_expires_at,total_harga,(SELECT COALESCE(SUM(jumlah),0) FROM payments WHERE booking_id=b.id AND status='confirmed') paid FROM bookings b WHERE id=31
id	status	seat_count	is_seat_blocked	seat_hold_expires_at	total_harga	paid
31	baru	2	1	NULL	60000000	0
[V3a-seat (+1)] SQL SELECT seat_total,seat_sisa FROM schedules WHERE id=1
seat_total	seat_sisa
12	5
[V3b-lepas-blokir] DELETE /api/admin/bookings/31/seat-block -> 200 {"id":31,"id_booking":"TPFRYS","schedule_id":1,"brand_id":1,"jadwal_nama":"Uji Audit Desember","berangkat_tanggal":"2026-12-20T00:00:00+07:00","pic_jamaah_id":43,"jamaah_id":43,"nama_jamaah":"Verif V3","room_type":"Quad","pax_count":2,"regular_pax_count":2,"infant_pax_count":0,"seat_count":2,"harga_dasar":30000000,"status":"baru","is_seat_blocked":false,"total_harga":60000000,"progress_paspor":false,"progress_visa":false,"progress_tiket":false,"progress_hotel":false,"progress_land_arrangement":false,"progress_manasik":false,"progress_siskopatuh":false,"progress_vaksin_meningitis":false,"siap_b...
[V3b-seat (+2)] SQL SELECT seat_total,seat_sisa FROM schedules WHERE id=1
seat_total	seat_sisa
12	7
[V3c-blokir-ulang] PUT /api/admin/bookings/31/seat-block -> 200 {"id":31,"id_booking":"TPFRYS","schedule_id":1,"brand_id":1,"jadwal_nama":"Uji Audit Desember","berangkat_tanggal":"2026-12-20T00:00:00+07:00","pic_jamaah_id":43,"jamaah_id":43,"nama_jamaah":"Verif V3","room_type":"Quad","pax_count":2,"regular_pax_count":2,"infant_pax_count":0,"seat_count":2,"harga_dasar":30000000,"status":"baru","is_seat_blocked":true,"total_harga":60000000,"progress_paspor":false,"progress_visa":false,"progress_tiket":false,"progress_hotel":false,"progress_land_arrangement":false,"progress_manasik":false,"progress_siskopatuh":false,"progress_vaksin_meningitis":false,"siap_be...
[V3c-seat (-2)] SQL SELECT seat_total,seat_sisa FROM schedules WHERE id=1
seat_total	seat_sisa
12	5
--- JB-02: finalisasi draft mengisi seat_count
[V4-draft] POST /api/admin/bookings/draft -> 201 {"id":32,"id_booking":null,"schedule_id":1,"brand_id":1,"jadwal_nama":"Uji Audit Desember","berangkat_tanggal":"2026-12-20T00:00:00+07:00","pic_jamaah_id":46,"jamaah_id":46,"nama_jamaah":"Verif V6","room_type":"Quad","pax_count":2,"regular_pax_count":2,"infant_pax_count":0,"seat_count":1,"harga_dasar":30000000,"status":"draft","is_seat_blocked":false,"total_harga":60000000,"progress_paspor":false,"progress_visa":false,"progress_tiket":false,"progress_hotel":false,"progress_land_arrangement":false,"progress_manasik":false,"progress_siskopatuh":false,"progress_vaksin_meningitis":false,"siap_bera...
[V4a-finalisasi] POST /api/admin/bookings/32/finalize -> 200 {"id":32,"id_booking":"TP69Z7","schedule_id":1,"brand_id":1,"jadwal_nama":"Uji Audit Desember","berangkat_tanggal":"2026-12-20T00:00:00+07:00","pic_jamaah_id":46,"jamaah_id":46,"nama_jamaah":"Verif V6","room_type":"Quad","pax_count":2,"regular_pax_count":2,"infant_pax_count":0,"seat_count":2,"harga_dasar":30000000,"status":"baru","is_seat_blocked":true,"total_harga":60000000,"progress_paspor":false,"progress_visa":false,"progress_tiket":false,"progress_hotel":false,"progress_land_arrangement":false,"progress_manasik":false,"progress_siskopatuh":false,"progress_vaksin_meningitis":false,"siap_be...
[V4a-db (seat_count 2)] SQL SELECT id,status,seat_count,is_seat_blocked,seat_hold_expires_at,total_harga,(SELECT COALESCE(SUM(jumlah),0) FROM payments WHERE booking_id=b.id AND status='confirmed') paid FROM bookings b WHERE id=32
id	status	seat_count	is_seat_blocked	seat_hold_expires_at	total_harga	paid
32	baru	2	1	NULL	60000000	0
--- JB-04: duplikasi jamaah lintas booking
[V5a-jamaah-aktif-di-booking-lain] POST /api/admin/bookings -> 400 {"error":"Jamaah Verif V3 sudah terdaftar pada booking TPFRYS di jadwal ini"}
[V5b-draft-berisi-jamaah-aktif] POST /api/admin/bookings/draft -> 201 {"id":33,"id_booking":null,"schedule_id":1,"brand_id":1,"jadwal_nama":"Uji Audit Desember","berangkat_tanggal":"2026-12-20T00:00:00+07:00","pic_jamaah_id":44,"jamaah_id":44,"nama_jamaah":"Verif V4","room_type":"Quad","pax_count":1,"regular_pax_count":1,"infant_pax_count":0,"seat_count":1,"harga_dasar":30000000,"status":"draft","is_seat_blocked":false,"total_harga":30000000,"progress_paspor":false,"progress_visa":false,"progress_tiket":false,"progress_hotel":false,"progress_land_arrangement":false,"progress_manasik":false,"progress_siskopatuh":false,"progress_vaksin_meningitis":false,"siap_bera...
[V5c-finalisasi-draft-duplikat] POST /api/admin/bookings/33/finalize -> 400 {"error":"Jamaah Verif V4 sudah terdaftar pada booking TPFRYS di jadwal ini"}
[V5d-jamaah-yang-bookingnya-batal (boleh)] POST /api/admin/bookings -> 201 {"id":34,"id_booking":"TPJ3RA","schedule_id":1,"brand_id":1,"jadwal_nama":"Uji Audit Desember","berangkat_tanggal":"2026-12-20T00:00:00+07:00","pic_jamaah_id":41,"jamaah_id":41,"nama_jamaah":"Verif V1","room_type":"Quad","pax_count":1,"regular_pax_count":1,"infant_pax_count":0,"seat_count":1,"harga_dasar":30000000,"status":"baru","is_seat_blocked":true,"total_harga":30000000,"progress_paspor":false,"progress_visa":false,"progress_tiket":false,"progress_hotel":false,"progress_land_arrangement":false,"progress_manasik":false,"progress_siskopatuh":false,"progress_vaksin_meningitis":false,"siap_be...
[V5e-jamaah-yang-paxnya-batal (boleh)] POST /api/admin/bookings -> 201 {"id":35,"id_booking":"TPA5K4","schedule_id":1,"brand_id":1,"jadwal_nama":"Uji Audit Desember","berangkat_tanggal":"2026-12-20T00:00:00+07:00","pic_jamaah_id":45,"jamaah_id":45,"nama_jamaah":"Verif V5","room_type":"Quad","pax_count":1,"regular_pax_count":1,"infant_pax_count":0,"seat_count":1,"harga_dasar":30000000,"status":"baru","is_seat_blocked":true,"total_harga":30000000,"progress_paspor":false,"progress_visa":false,"progress_tiket":false,"progress_hotel":false,"progress_land_arrangement":false,"progress_manasik":false,"progress_siskopatuh":false,"progress_vaksin_meningitis":false,"siap_be...
--- JB-03: booking berbayar turun ke baru tanpa hold 24 jam
[V6-booking-2-pax] POST /api/admin/bookings -> 400 {"error":"Kuota kursi tidak mencukupi, sisa 1 kursi"}
[V6a-bayar-6jt] POST /api/admin/bookings//payments -> 400 {"error":"booking_id tidak valid"}
[V6b-diskon] POST /api/admin/bookings//discounts -> 400 {"error":"id tidak valid"}
[V6b-db (lunas)] SQL SELECT id,status,seat_count,is_seat_blocked,seat_hold_expires_at,total_harga,(SELECT COALESCE(SUM(jumlah),0) FROM payments WHERE booking_id=b.id AND status='confirmed') paid FROM bookings b WHERE id=

[V6c-koreksi-hapus-diskon] DELETE /api/admin/bookings//discounts/ -> 404 404 page not found
[V6c-db (baru, hold NULL)] SQL SELECT id,status,seat_count,is_seat_blocked,seat_hold_expires_at,total_harga,(SELECT COALESCE(SUM(jumlah),0) FROM payments WHERE booking_id=b.id AND status='confirmed') paid FROM bookings b WHERE id=

[V9-rekonsiliasi-akhir (seat_total - seat_sisa harus = terpakai)] SQL SELECT s.seat_total, s.seat_sisa, (SELECT COUNT(*) FROM booking_pax p JOIN bookings b ON b.id=p.booking_id WHERE b.schedule_id=s.id AND b.is_seat_blocked=1 AND b.status<>'batal' AND p.counts_for_seat=1 AND p.pax_status='aktif') terpakai FROM schedules s WHERE s.id=1
seat_total	seat_sisa	terpakai
12	1	11
===== RUN5 verifikasi perbaikan JB-02/03/04 2026-09-30T20:57:11 =====
[login-tp] POST /api/auth/login -> 200 {"user_id":2,"display_name":"admin.tp","email":"admin.tp@local.test","role":"admin","access_token":"***","refresh_token":"***","expires_in":900,"token_type":"Bearer"}
===== RUN6 ulang JB-03 =====
[W0-fixture-kapasitas+4] SQL SELECT s.seat_total, s.seat_sisa, (SELECT COUNT(*) FROM booking_pax p JOIN bookings b ON b.id=p.booking_id WHERE b.schedule_id=s.id AND b.is_seat_blocked=1 AND b.status<>'batal' AND p.counts_for_seat=1 AND p.pax_status='aktif') terpakai FROM schedules s WHERE s.id=1
seat_total	seat_sisa	terpakai
16	5	11
[V0-jamaah-Verif V8b] POST /api/admin/jamaah -> 201 {"id":50,"brand_id":1,"id_jamaah":"TP-2609000027","kode_jamaah":"ARBV8Z","nama_lengkap":"Verif V8b","jenis_kelamin":"L","nama_ayah_kandung":null,"nik":"3171010101660021","tempat_lahir":null,"tanggal_lahir":"1980-01-01","no_paspor":null,"tempat_paspor_keluar":null,"tanggal_paspor_keluar":null,"paspor_berlaku_sampai":null,"no_hp":null,"email":null,"pekerjaan":null,"pendidikan_terakhir":null,"penjamin_kesehatan":null,"no_asuransi_bpjs":null,"alamat":null,"kota":null,"catatan":null,"status":"aktif","emergency_nama":null,"emergency_nik":null,"emergency_hp":null,"emergency_hubungan":null,"emergency_...
[V0-jamaah-Verif V9b] POST /api/admin/jamaah -> 201 {"id":51,"brand_id":1,"id_jamaah":"TP-2609000028","kode_jamaah":"88QNKJ","nama_lengkap":"Verif V9b","jenis_kelamin":"L","nama_ayah_kandung":null,"nik":"3171010101660022","tempat_lahir":null,"tanggal_lahir":"1980-01-01","no_paspor":null,"tempat_paspor_keluar":null,"tanggal_paspor_keluar":null,"paspor_berlaku_sampai":null,"no_hp":null,"email":null,"pekerjaan":null,"pendidikan_terakhir":null,"penjamin_kesehatan":null,"no_asuransi_bpjs":null,"alamat":null,"kota":null,"catatan":null,"status":"aktif","emergency_nama":null,"emergency_nik":null,"emergency_hp":null,"emergency_hubungan":null,"emergency_...
--- JB-03: booking berbayar turun ke baru tanpa hold 24 jam
[V6-booking-2-pax] POST /api/admin/bookings -> 201 {"id":36,"id_booking":"TPTM9F","schedule_id":1,"brand_id":1,"jadwal_nama":"Uji Audit Desember","berangkat_tanggal":"2026-12-20T00:00:00+07:00","pic_jamaah_id":50,"jamaah_id":50,"nama_jamaah":"Verif V8b","room_type":"Quad","pax_count":2,"regular_pax_count":2,"infant_pax_count":0,"seat_count":2,"harga_dasar":30000000,"status":"baru","is_seat_blocked":true,"total_harga":60000000,"progress_paspor":false,"progress_visa":false,"progress_tiket":false,"progress_hotel":false,"progress_land_arrangement":false,"progress_manasik":false,"progress_siskopatuh":false,"progress_vaksin_meningitis":false,"siap_b...
[V6a-bayar-6jt] POST /api/admin/bookings/36/payments -> 201 {"id":18,"booking_id":36,"jumlah":6000000,"metode":"transfer","tanggal":"2026-09-30","status":"confirmed","bukti_url":null,"bank_account_id":null,"destination_bank_name":null,"destination_account_number":null,"destination_account_holder":null,"sender_name":null,"sender_bank":null,"notes":null,"source":"admin","rejection_reason":null,"verified_by":2,"verified_at":"2026-09-30T20:57:13+07:00","created_at":"2026-09-30T20:57:13+07:00"}
[V6b-diskon] POST /api/admin/bookings/36/discounts -> 200 {"id":36,"id_booking":"TPTM9F","schedule_id":1,"brand_id":1,"jadwal_nama":"Uji Audit Desember","berangkat_tanggal":"2026-12-20T00:00:00+07:00","pic_jamaah_id":50,"jamaah_id":50,"nama_jamaah":"Verif V8b","room_type":"Quad","pax_count":2,"regular_pax_count":2,"infant_pax_count":0,"seat_count":2,"harga_dasar":30000000,"status":"lunas","is_seat_blocked":true,"total_harga":6000000,"progress_paspor":false,"progress_visa":false,"progress_tiket":false,"progress_hotel":false,"progress_land_arrangement":false,"progress_manasik":false,"progress_siskopatuh":false,"progress_vaksin_meningitis":false,"siap_b...
[V6b-db (lunas)] SQL SELECT id,status,seat_count,is_seat_blocked,seat_hold_expires_at,total_harga,(SELECT COALESCE(SUM(jumlah),0) FROM payments WHERE booking_id=b.id AND status='confirmed') paid FROM bookings b WHERE id=36
id	status	seat_count	is_seat_blocked	seat_hold_expires_at	total_harga	paid
36	lunas	2	1	NULL	6000000	6000000
[V6c-koreksi-hapus-diskon] DELETE /api/admin/bookings/36/discounts/6 -> 200 {"id":36,"id_booking":"TPTM9F","schedule_id":1,"brand_id":1,"jadwal_nama":"Uji Audit Desember","berangkat_tanggal":"2026-12-20T00:00:00+07:00","pic_jamaah_id":50,"jamaah_id":50,"nama_jamaah":"Verif V8b","room_type":"Quad","pax_count":2,"regular_pax_count":2,"infant_pax_count":0,"seat_count":2,"harga_dasar":30000000,"status":"baru","is_seat_blocked":true,"total_harga":60000000,"progress_paspor":false,"progress_visa":false,"progress_tiket":false,"progress_hotel":false,"progress_land_arrangement":false,"progress_manasik":false,"progress_siskopatuh":false,"progress_vaksin_meningitis":false,"siap_b...
[V6c-db (baru, hold NULL)] SQL SELECT id,status,seat_count,is_seat_blocked,seat_hold_expires_at,total_harga,(SELECT COALESCE(SUM(jumlah),0) FROM payments WHERE booking_id=b.id AND status='confirmed') paid FROM bookings b WHERE id=36
id	status	seat_count	is_seat_blocked	seat_hold_expires_at	total_harga	paid
36	baru	2	1	NULL	60000000	6000000
[V9-rekonsiliasi-akhir (seat_total - seat_sisa harus = terpakai)] SQL SELECT s.seat_total, s.seat_sisa, (SELECT COUNT(*) FROM booking_pax p JOIN bookings b ON b.id=p.booking_id WHERE b.schedule_id=s.id AND b.is_seat_blocked=1 AND b.status<>'batal' AND p.counts_for_seat=1 AND p.pax_status='aktif') terpakai FROM schedules s WHERE s.id=1
seat_total	seat_sisa	terpakai
16	3	13
===== RUN7 verifikasi JB-05/JB-06 2026-09-30T21:20:29 =====
[login-tp] POST /api/auth/login -> 200 {"user_id":2,"display_name":"admin.tp","email":"admin.tp@local.test","role":"admin","access_token":"***","refresh_token":"***","expires_in":900,"token_type":"Bearer"}
--- JB-05: error bisnis tetap 400, input di luar batas tidak jadi error SQL
[X1-addon-overflow (dulu 400 SQL)] POST /api/admin/bookings/36/addons -> 400 {"error":"nominal terlalu besar"}
[X2-diskon-overflow] POST /api/admin/bookings/36/discounts -> 400 {"error":"nominal diskon terlalu besar"}
[X3-jamaah-format-tanggal (dulu 500 SQL)] POST /api/admin/jamaah -> 400 {"error":"tanggal_lahir harus berformat YYYY-MM-DD"}
[X4-pesan-bisnis-duplikat-payload] POST /api/admin/bookings -> 400 {"error":"Jamaah Budi Santoso Uji didaftarkan lebih dari satu kali dalam booking ini"}
[X5-pesan-bisnis-usia-infant] POST /api/admin/bookings -> 400 {"error":"Jamaah Budi Santoso Uji sudah terdaftar pada booking TPNDRH di jadwal ini"}
[X6-addon-normal-booking-aktif] POST /api/admin/bookings/36/addons -> 201 {"id":36,"id_booking":"TPTM9F","schedule_id":1,"brand_id":1,"jadwal_nama":"Uji Audit Desember","berangkat_tanggal":"2026-12-20T00:00:00+07:00","pic_jamaah_id":50,"jamaah_id":50,"nama_jamaah":"Verif V8b","room_type":"Quad","pax_count":2,"regular_pax_count":2,"infant_pax_count":0,"seat_count":2,"harga_dasar":30000000,"status":"baru","is_seat_blocked":true,"total_harga":61500000,"progress_paspor":false,"progress_visa":false,"progress_tiket":false,"progress_hotel":false,"progress_land_arrangement":false,"progress_manasik":false,"progress_siskopatuh":false,"progress_vaksin_meningitis":false,"siap_b...
--- JB-06: booking batal (#1) tidak bisa diubah
[Y0-db-sebelum] SQL SELECT id,status,total_harga,(SELECT COUNT(*) FROM booking_addons WHERE booking_id=b.id) addons,(SELECT COUNT(*) FROM booking_discounts WHERE booking_id=b.id) diskon,progress_hotel FROM bookings b WHERE id=1
id	status	total_harga	addons	diskon	progress_hotel
1	batal	40000000	2	1	1
[Y1-addon] POST /api/admin/bookings/1/addons -> 409 {"error":"booking sudah dibatalkan, data tagihan dan progress tidak dapat diubah"}
[Y2-diskon] POST /api/admin/bookings/1/discounts -> 409 {"error":"booking sudah dibatalkan, data tagihan dan progress tidak dapat diubah"}
[Y3-detail] GET /api/admin/bookings/1 -> 200 {"id":1,"id_booking":"TPMG49","schedule_id":1,"brand_id":1,"jadwal_nama":"Uji Audit Desember","berangkat_tanggal":"2026-12-20T00:00:00+07:00","pic_jamaah_id":1,"jamaah_id":1,"nama_jamaah":"Ahmad Fauzi Uji","room_type":null,"pax_count":0,"regular_pax_count":0,"infant_pax_count":0,"seat_count":1,"harga_dasar":null,"status":"batal","is_seat_blocked":false,"total_harga":40000000,"progress_paspor":true,"progress_visa":false,"progress_tiket":false,"progress_hotel":true,"progress_land_arrangement":false,"progress_manasik":false,"progress_siskopatuh":false,"progress_vaksin_meningitis":false,"siap_bera...
[Y4-hapus-addon] DELETE /api/admin/bookings/1/addons/1 -> 409 {"error":"booking sudah dibatalkan, data tagihan dan progress tidak dapat diubah"}
[Y5-hapus-diskon] DELETE /api/admin/bookings/1/discounts/2 -> 409 {"error":"booking sudah dibatalkan, data tagihan dan progress tidak dapat diubah"}
[Y6-progress-header] PUT /api/admin/bookings/1/progress -> 409 {"error":"booking sudah dibatalkan, data tagihan dan progress tidak dapat diubah"}
[Y7-ubah-kamar] PUT /api/admin/bookings/1/pax/1/room-type -> 409 {"error":"booking sudah dibatalkan, data tagihan dan progress tidak dapat diubah"}
[Y8-db-sesudah (harus sama dengan Y0)] SQL SELECT id,status,total_harga,(SELECT COUNT(*) FROM booking_addons WHERE booking_id=b.id) addons,(SELECT COUNT(*) FROM booking_discounts WHERE booking_id=b.id) diskon,progress_hotel FROM bookings b WHERE id=1
id	status	total_harga	addons	diskon	progress_hotel
1	batal	40000000	2	1	1
===== RUN8 verifikasi JB-07/JB-08 2026-09-30T21:26:52 =====
[login-tp] POST /api/auth/login -> 200 {"user_id":2,"display_name":"admin.tp","email":"admin.tp@local.test","role":"admin","access_token":"***","refresh_token":"***","expires_in":900,"token_type":"Bearer"}
--- JB-07: diskon tidak boleh membuat tagihan < pembayaran terkonfirmasi (booking #36)
[Z0-db] SQL SELECT id,status,total_harga,(SELECT COALESCE(SUM(jumlah),0) FROM payments WHERE booking_id=b.id AND status='confirmed') paid,(SELECT COUNT(*) FROM booking_discounts WHERE booking_id=b.id) diskon FROM bookings b WHERE id=36
id	status	total_harga	paid	diskon
36	baru	61500000	6000000	0
[Z1-diskon-lewat-1-rupiah] POST /api/admin/bookings/36/discounts -> 400 {"error":"total tagihan tidak boleh lebih kecil dari pembayaran terkonfirmasi (Rp 6000000)"}
[Z1-db (tidak berubah)] SQL SELECT id,status,total_harga,(SELECT COALESCE(SUM(jumlah),0) FROM payments WHERE booking_id=b.id AND status='confirmed') paid,(SELECT COUNT(*) FROM booking_discounts WHERE booking_id=b.id) diskon FROM bookings b WHERE id=36
id	status	total_harga	paid	diskon
36	baru	61500000	6000000	0
[Z2-diskon-pas-sama-dengan-dibayar] POST /api/admin/bookings/36/discounts -> 200 {"id":36,"id_booking":"TPTM9F","schedule_id":1,"brand_id":1,"jadwal_nama":"Uji Audit Desember","berangkat_tanggal":"2026-12-20T00:00:00+07:00","pic_jamaah_id":50,"jamaah_id":50,"nama_jamaah":"Verif V8b","room_type":"Quad","pax_count":2,"regular_pax_count":2,"infant_pax_count":0,"seat_count":2,"harga_dasar":30000000,"status":"lunas","is_seat_blocked":true,"total_harga":6000000,"progress_paspor":false,"progress_visa":false,"progress_tiket":false,"progress_hotel":false,"progress_land_arrangement":false,"progress_manasik":false,"progress_siskopatuh":false,"progress_vaksin_meningitis":false,"siap_b...
[Z2-db (lunas)] SQL SELECT id,status,total_harga,(SELECT COALESCE(SUM(jumlah),0) FROM payments WHERE booking_id=b.id AND status='confirmed') paid,(SELECT COUNT(*) FROM booking_discounts WHERE booking_id=b.id) diskon FROM bookings b WHERE id=36
id	status	total_harga	paid	diskon
36	lunas	6000000	6000000	1
[Z3-hapus-diskon] DELETE /api/admin/bookings/36/discounts/14 -> 200 {"id":36,"id_booking":"TPTM9F","schedule_id":1,"brand_id":1,"jadwal_nama":"Uji Audit Desember","berangkat_tanggal":"2026-12-20T00:00:00+07:00","pic_jamaah_id":50,"jamaah_id":50,"nama_jamaah":"Verif V8b","room_type":"Quad","pax_count":2,"regular_pax_count":2,"infant_pax_count":0,"seat_count":2,"harga_dasar":30000000,"status":"baru","is_seat_blocked":true,"total_harga":61500000,"progress_paspor":false,"progress_visa":false,"progress_tiket":false,"progress_hotel":false,"progress_land_arrangement":false,"progress_manasik":false,"progress_siskopatuh":false,"progress_vaksin_meningitis":false,"siap_b...
--- JB-07: turun tipe kamar di bawah yang dibayar
[Z4-jamaah] POST /api/admin/jamaah -> 201 {"id":93,"brand_id":1,"id_jamaah":"TP-2609000029","kode_jamaah":"63WARK","nama_lengkap":"Zulkifli Uji Kamar","jenis_kelamin":"L","nama_ayah_kandung":null,"nik":"3171010101700777","tempat_lahir":null,"tanggal_lahir":"1970-01-01","no_paspor":null,"tempat_paspor_keluar":null,"tanggal_paspor_keluar":null,"paspor_berlaku_sampai":null,"no_hp":null,"email":null,"pekerjaan":null,"pendidikan_terakhir":null,"penjamin_kesehatan":null,"no_asuransi_bpjs":null,"alamat":null,"kota":null,"catatan":null,"status":"aktif","emergency_nama":null,"emergency_nik":null,"emergency_hp":null,"emergency_hubungan":null,"e...
[Z5-booking-double-36jt] POST /api/admin/bookings -> 201 {"id":70,"id_booking":"TPPZ5Z","schedule_id":1,"brand_id":1,"jadwal_nama":"Uji Audit Desember","berangkat_tanggal":"2026-12-20T00:00:00+07:00","pic_jamaah_id":93,"jamaah_id":93,"nama_jamaah":"Zulkifli Uji Kamar","room_type":"Double","pax_count":1,"regular_pax_count":1,"infant_pax_count":0,"seat_count":1,"harga_dasar":36000000,"status":"baru","is_seat_blocked":true,"total_harga":36000000,"progress_paspor":false,"progress_visa":false,"progress_tiket":false,"progress_hotel":false,"progress_land_arrangement":false,"progress_manasik":false,"progress_siskopatuh":false,"progress_vaksin_meningitis":fa...
[Z6-lunas] POST /api/admin/bookings/70/payments -> 201 {"id":44,"booking_id":70,"jumlah":36000000,"metode":"transfer","tanggal":"2026-09-30","status":"confirmed","bukti_url":null,"bank_account_id":null,"destination_bank_name":null,"destination_account_number":null,"destination_account_holder":null,"sender_name":null,"sender_bank":null,"notes":null,"source":"admin","rejection_reason":null,"verified_by":2,"verified_at":"2026-09-30T21:26:55+07:00","created_at":"2026-09-30T21:26:55+07:00"}
[Z7-turun-ke-quad-30jt] PUT /api/admin/bookings/70/pax/83/room-type -> 400 {"error":"total tagihan tidak boleh lebih kecil dari pembayaran terkonfirmasi (Rp 36000000)"}
[Z8-db (tetap 36jt lunas)] SQL SELECT id,status,total_harga,(SELECT COALESCE(SUM(jumlah),0) FROM payments WHERE booking_id=b.id AND status='confirmed') paid,(SELECT COUNT(*) FROM booking_discounts WHERE booking_id=b.id) diskon FROM bookings b WHERE id=70
id	status	total_harga	paid	diskon
70	lunas	36000000	36000000	0
--- JB-08: PIC wajib pax reguler, usia infant wajib infant
[Z9-pic-tidak-ikut] POST /api/admin/bookings -> 400 {"error":"Kontak Utama (PIC) harus ikut sebagai pax reguler dalam booking ini"}
[Z10-jamaah-bayi] POST /api/admin/jamaah -> 201 {"id":94,"brand_id":1,"id_jamaah":"TP-2609000030","kode_jamaah":"29NUZW","nama_lengkap":"Bayi Uji Reguler","jenis_kelamin":"P","nama_ayah_kandung":null,"nik":"3171014107260778","tempat_lahir":null,"tanggal_lahir":"2026-07-01","no_paspor":null,"tempat_paspor_keluar":null,"tanggal_paspor_keluar":null,"paspor_berlaku_sampai":null,"no_hp":null,"email":null,"pekerjaan":null,"pendidikan_terakhir":null,"penjamin_kesehatan":null,"no_asuransi_bpjs":null,"alamat":null,"kota":null,"catatan":null,"status":"aktif","emergency_nama":null,"emergency_nik":null,"emergency_hp":null,"emergency_hubungan":null,"eme...
[Z11-jamaah-ibu] POST /api/admin/jamaah -> 201 {"id":95,"brand_id":1,"id_jamaah":"TP-2609000031","kode_jamaah":"B7QWB6","nama_lengkap":"Ibu Uji Reguler","jenis_kelamin":"P","nama_ayah_kandung":null,"nik":"3171014101900779","tempat_lahir":null,"tanggal_lahir":"1990-01-01","no_paspor":null,"tempat_paspor_keluar":null,"tanggal_paspor_keluar":null,"paspor_berlaku_sampai":null,"no_hp":null,"email":null,"pekerjaan":null,"pendidikan_terakhir":null,"penjamin_kesehatan":null,"no_asuransi_bpjs":null,"alamat":null,"kota":null,"catatan":null,"status":"aktif","emergency_nama":null,"emergency_nik":null,"emergency_hp":null,"emergency_hubungan":null,"emer...
[Z12-bayi-sebagai-reguler] POST /api/admin/bookings -> 400 {"error":"Jamaah Bayi Uji Reguler berusia di bawah 2 tahun pada tanggal keberangkatan, harus didaftarkan sebagai infant"}
[Z13-draft-bayi-reguler] POST /api/admin/bookings/draft -> 201 {"id":72,"id_booking":null,"schedule_id":1,"brand_id":1,"jadwal_nama":"Uji Audit Desember","berangkat_tanggal":"2026-12-20T00:00:00+07:00","pic_jamaah_id":95,"jamaah_id":95,"nama_jamaah":"Ibu Uji Reguler","room_type":"Quad","pax_count":2,"regular_pax_count":2,"infant_pax_count":0,"seat_count":1,"harga_dasar":30000000,"status":"draft","is_seat_blocked":false,"total_harga":60000000,"progress_paspor":false,"progress_visa":false,"progress_tiket":false,"progress_hotel":false,"progress_land_arrangement":false,"progress_manasik":false,"progress_siskopatuh":false,"progress_vaksin_meningitis":false,"si...
[Z14-finalisasi-bayi-reguler] POST /api/admin/bookings/72/finalize -> 400 {"error":"Jamaah Bayi Uji Reguler berusia di bawah 2 tahun pada tanggal keberangkatan, harus didaftarkan sebagai infant"}
[Z15-bayi-sebagai-infant (boleh)] POST /api/admin/bookings -> 201 {"id":73,"id_booking":"TPD44M","schedule_id":1,"brand_id":1,"jadwal_nama":"Uji Audit Desember","berangkat_tanggal":"2026-12-20T00:00:00+07:00","pic_jamaah_id":95,"jamaah_id":95,"nama_jamaah":"Ibu Uji Reguler","room_type":"Quad","pax_count":2,"regular_pax_count":1,"infant_pax_count":1,"seat_count":1,"harga_dasar":30000000,"status":"baru","is_seat_blocked":true,"total_harga":38000000,"progress_paspor":false,"progress_visa":false,"progress_tiket":false,"progress_hotel":false,"progress_land_arrangement":false,"progress_manasik":false,"progress_siskopatuh":false,"progress_vaksin_meningitis":false,"...
===== RUN9 verifikasi JB-09/JB-10/JB-11 2026-09-30T21:31:43 =====
[login-tp] POST /api/auth/login -> 200 {"user_id":2,"display_name":"admin.tp","email":"admin.tp@local.test","role":"admin","access_token":"***","refresh_token":"***","expires_in":900,"token_type":"Bearer"}
--- JB-09: validasi data jamaah
[Q1-nik-123] POST /api/admin/jamaah -> 400 {"error":"NIK harus 16 digit angka"}
[Q2-lahir-2030] POST /api/admin/jamaah -> 400 {"error":"tanggal_lahir tidak boleh di masa depan"}
[Q3-email] POST /api/admin/jamaah -> 400 {"error":"format email tidak valid"}
[Q4-hp] POST /api/admin/jamaah -> 400 {"error":"no_hp harus berisi 10–15 digit angka"}
[Q5-paspor-berlaku-sebelum-keluar] POST /api/admin/jamaah -> 400 {"error":"paspor_berlaku_sampai tidak boleh sebelum tanggal_paspor_keluar"}
[Q6-paspor-kedaluwarsa (boleh)] POST /api/admin/jamaah -> 201 {"id":117,"brand_id":1,"id_jamaah":"TP-2609000032","kode_jamaah":"BEGZRJ","nama_lengkap":"Paspor Kedaluwarsa Uji","jenis_kelamin":null,"nama_ayah_kandung":null,"nik":null,"tempat_lahir":null,"tanggal_lahir":null,"no_paspor":"X7654321","tempat_paspor_keluar":null,"tanggal_paspor_keluar":"2015-01-01","paspor_berlaku_sampai":"2020-01-01","no_hp":null,"email":null,"pekerjaan":null,"pendidikan_terakhir":null,"penjamin_kesehatan":null,"no_asuransi_bpjs":null,"alamat":null,"kota":null,"catatan":null,"status":"aktif","emergency_nama":null,"emergency_nik":null,"emergency_hp":null,"emergency_hubungan":n...
[Q7-data-valid] POST /api/admin/jamaah -> 201 {"id":118,"brand_id":1,"id_jamaah":"TP-2609000033","kode_jamaah":"KGT9LB","nama_lengkap":"Data Lengkap Uji","jenis_kelamin":null,"nama_ayah_kandung":null,"nik":"3171014101950881","tempat_lahir":null,"tanggal_lahir":"1995-01-01","no_paspor":null,"tempat_paspor_keluar":null,"tanggal_paspor_keluar":null,"paspor_berlaku_sampai":null,"no_hp":"+62 812-3456-0881","email":"data.lengkap@contoh.id","pekerjaan":null,"pendidikan_terakhir":null,"penjamin_kesehatan":null,"no_asuransi_bpjs":null,"alamat":null,"kota":null,"catatan":null,"status":"aktif","emergency_nama":null,"emergency_nik":null,"emergency_hp...
[Q8a-ambil-jamaah-1] GET /api/admin/jamaah/1 -> 200 {"id":1,"brand_id":1,"id_jamaah":"TP-2609000001","kode_jamaah":"ZTXNS8","nama_lengkap":"Ahmad Fauzi Uji","jenis_kelamin":"L","nama_ayah_kandung":null,"nik":"3171010101800001","tempat_lahir":"Jakarta","tanggal_lahir":"1980-01-01","no_paspor":null,"tempat_paspor_keluar":null,"tanggal_paspor_keluar":null,"paspor_berlaku_sampai":null,"no_hp":"081201800001","email":null,"pekerjaan":null,"pendidikan_terakhir":null,"penjamin_kesehatan":null,"no_asuransi_bpjs":null,"alamat":null,"kota":"Jakarta","catatan":null,"status":"aktif","emergency_nama":null,"emergency_nik":null,"emergency_hp":null,"emergency_h...
[Q8b-simpan-ulang-jamaah-valid] PUT /api/admin/jamaah/1 -> 200 {"id":1,"brand_id":1,"id_jamaah":"TP-2609000001","kode_jamaah":"ZTXNS8","nama_lengkap":"Ahmad Fauzi Uji","jenis_kelamin":"L","nama_ayah_kandung":null,"nik":"3171010101800001","tempat_lahir":"Jakarta","tanggal_lahir":"1980-01-01","no_paspor":null,"tempat_paspor_keluar":null,"tanggal_paspor_keluar":null,"paspor_berlaku_sampai":null,"no_hp":"081201800001","email":null,"pekerjaan":null,"pendidikan_terakhir":null,"penjamin_kesehatan":null,"no_asuransi_bpjs":null,"alamat":null,"kota":"Jakarta","catatan":null,"status":"aktif","emergency_nama":null,"emergency_nik":null,"emergency_hp":null,"emergency_h...
--- JB-10: tanggal pembayaran admin
[R1-tanggal-2030] POST /api/admin/bookings/36/payments -> 400 {"error":"tanggal pembayaran tidak valid atau berada di masa depan"}
[R2-format-salah] POST /api/admin/bookings/36/payments -> 400 {"error":"tanggal pembayaran tidak valid atau berada di masa depan"}
[R3-hari-ini (boleh)] POST /api/admin/bookings/36/payments -> 201 {"id":58,"booking_id":36,"jumlah":1000000,"metode":"transfer","tanggal":"2026-09-30","status":"confirmed","bukti_url":null,"bank_account_id":null,"destination_bank_name":null,"destination_account_number":null,"destination_account_holder":null,"sender_name":null,"sender_bank":null,"notes":null,"source":"admin","rejection_reason":null,"verified_by":2,"verified_at":"2026-09-30T21:31:46+07:00","created_at":"2026-09-30T21:31:46+07:00"}
--- JB-11: dokumen admin
[S1-url-eksternal] POST /api/admin/jamaah/1/dokumen -> 400 {"error":"berkas harus diunggah melalui formulir dokumen jamaah"}
[S2-path-traversal] POST /api/admin/jamaah/1/dokumen -> 400 {"error":"berkas harus diunggah melalui formulir dokumen jamaah"}
[S3-berkas-tidak-ada] POST /api/admin/jamaah/1/dokumen -> 400 {"error":"berkas bukan unggahan brand jamaah ini"}
[S4-unggah-pdf-resmi] POST /api/admin/media/upload -> 201 {"url":"/api/admin/media/dokumen-jamaah/67c220fd-0fa3-4ad7-ba90-9e0c91767973.pdf"}

[S5-simpan-dokumen-dari-unggahan (boleh)] POST /api/admin/jamaah/1/dokumen -> 200 {"version":1,"rejection_reason":null,"id":4,"jamaah_id":1,"jenis":"ktp","file_url":"/api/admin/media/dokumen-jamaah/67c220fd-0fa3-4ad7-ba90-9e0c91767973.pdf","status":"submitted","updated_at":"2026-09-30T21:31:46+07:00"}
[S6-pakai-berkas-untuk-jamaah-brand-lain] POST /api/admin/jamaah/8/dokumen -> 404 {"error":"jamaah_id tidak valid atau bukan milik brand Anda"}
===== RUN10 verifikasi catatan refund 2026-09-30T21:39:30 =====
[login-tp] POST /api/auth/login -> 200 {"user_id":2,"display_name":"admin.tp","email":"admin.tp@local.test","role":"admin","access_token":"***","refresh_token":"***","expires_in":900,"token_type":"Bearer"}
[login-bu] POST /api/auth/login -> 200 {"user_id":3,"display_name":"admin.bu","email":"admin.bu@local.test","role":"admin","access_token":"***","refresh_token":"***","expires_in":900,"token_type":"Bearer"}
[T0-booking-1-batal-dibayar-get] GET /api/admin/bookings/1 -> 200 {"id":1,"id_booking":"TPMG49","schedule_id":1,"brand_id":1,"jadwal_nama":"Uji Audit Desember","berangkat_tanggal":"2026-12-20T00:00:00+07:00","pic_jamaah_id":1,"jamaah_id":1,"nama_jamaah":"Ahmad Fauzi Uji","room_type":null,"pax_count":0,"regular_pax_count":0,"infant_pax_count":0,"seat_count":1,"harga_dasar":null,"status":"batal","is_seat_blocked":false,"total_harga":40000000,"total_dibayar":6000000,"total_refund":0,"perlu_refund":true,"progress_paspor":true,"progress_visa":false,"progress_tiket":false,"progress_hotel":true,"progress_land_arrangement":false,"progress_manasik":false,"progress_si...
[T0-booking-1-batal-dibayar] status=batal total_dibayar=6000000 total_refund=0 perlu_refund=True
[T1-booking-36-aktif-get] GET /api/admin/bookings/36 -> 200 {"id":36,"id_booking":"TPTM9F","schedule_id":1,"brand_id":1,"jadwal_nama":"Uji Audit Desember","berangkat_tanggal":"2026-12-20T00:00:00+07:00","pic_jamaah_id":50,"jamaah_id":50,"nama_jamaah":"Verif V8b","room_type":"Quad","pax_count":2,"regular_pax_count":2,"infant_pax_count":0,"seat_count":2,"harga_dasar":30000000,"status":"baru","is_seat_blocked":true,"total_harga":61500000,"total_dibayar":7000000,"total_refund":0,"perlu_refund":false,"progress_paspor":false,"progress_visa":false,"progress_tiket":false,"progress_hotel":false,"progress_land_arrangement":false,"progress_manasik":false,"progres...
[T1-booking-36-aktif] status=baru total_dibayar=7000000 total_refund=0 perlu_refund=False
[T2-refund-booking-aktif] POST /api/admin/bookings/36/refunds -> 400 {"error":"pengembalian dana hanya dapat dicatat untuk booking yang sudah dibatalkan"}
[T3-batal-booking-36] PUT /api/admin/bookings/36/status -> 200 {"id":36,"id_booking":"TPTM9F","schedule_id":1,"brand_id":1,"jadwal_nama":"Uji Audit Desember","berangkat_tanggal":"2026-12-20T00:00:00+07:00","pic_jamaah_id":50,"jamaah_id":50,"nama_jamaah":"Verif V8b","room_type":null,"pax_count":0,"regular_pax_count":0,"infant_pax_count":0,"seat_count":2,"harga_dasar":null,"status":"batal","is_seat_blocked":false,"total_harga":61500000,"total_dibayar":7000000,"total_refund":0,"perlu_refund":true,"progress_paspor":false,"progress_visa":false,"progress_tiket":false,"progress_hotel":false,"progress_land_arrangement":false,"progress_manasik":false,"progress_sis...
[T4-setelah-batal-get] GET /api/admin/bookings/36 -> 200 {"id":36,"id_booking":"TPTM9F","schedule_id":1,"brand_id":1,"jadwal_nama":"Uji Audit Desember","berangkat_tanggal":"2026-12-20T00:00:00+07:00","pic_jamaah_id":50,"jamaah_id":50,"nama_jamaah":"Verif V8b","room_type":null,"pax_count":0,"regular_pax_count":0,"infant_pax_count":0,"seat_count":2,"harga_dasar":null,"status":"batal","is_seat_blocked":false,"total_harga":61500000,"total_dibayar":7000000,"total_refund":0,"perlu_refund":true,"progress_paspor":false,"progress_visa":false,"progress_tiket":false,"progress_hotel":false,"progress_land_arrangement":false,"progress_manasik":false,"progress_sis...
[T4-setelah-batal] status=batal total_dibayar=7000000 total_refund=0 perlu_refund=True
[T5-melebihi-dana] POST /api/admin/bookings/36/refunds -> 400 {"error":"jumlah pengembalian melebihi dana yang belum dikembalikan (Rp 7000000)"}
[T6-tanggal-masa-depan] POST /api/admin/bookings/36/refunds -> 400 {"error":"tanggal pengembalian tidak valid atau berada di masa depan"}
[T7-refund-4jt] POST /api/admin/bookings/36/refunds -> 201 {"id":36,"id_booking":"TPTM9F","schedule_id":1,"brand_id":1,"jadwal_nama":"Uji Audit Desember","berangkat_tanggal":"2026-12-20T00:00:00+07:00","pic_jamaah_id":50,"jamaah_id":50,"nama_jamaah":"Verif V8b","room_type":null,"pax_count":0,"regular_pax_count":0,"infant_pax_count":0,"seat_count":2,"harga_dasar":null,"status":"batal","is_seat_blocked":false,"total_harga":61500000,"total_dibayar":7000000,"total_refund":4000000,"perlu_refund":true,"progress_paspor":false,"progress_visa":false,"progress_tiket":false,"progress_hotel":false,"progress_land_arrangement":false,"progress_manasik":false,"progre...
[T8-melebihi-sisa-3jt] POST /api/admin/bookings/36/refunds -> 400 {"error":"jumlah pengembalian melebihi dana yang belum dikembalikan (Rp 3000000)"}
[T9-refund-sisa-3jt] POST /api/admin/bookings/36/refunds -> 201 {"id":36,"id_booking":"TPTM9F","schedule_id":1,"brand_id":1,"jadwal_nama":"Uji Audit Desember","berangkat_tanggal":"2026-12-20T00:00:00+07:00","pic_jamaah_id":50,"jamaah_id":50,"nama_jamaah":"Verif V8b","room_type":null,"pax_count":0,"regular_pax_count":0,"infant_pax_count":0,"seat_count":2,"harga_dasar":null,"status":"batal","is_seat_blocked":false,"total_harga":61500000,"total_dibayar":7000000,"total_refund":7000000,"perlu_refund":false,"progress_paspor":false,"progress_visa":false,"progress_tiket":false,"progress_hotel":false,"progress_land_arrangement":false,"progress_manasik":false,"progr...
[T10-setelah-lunas-refund-get] GET /api/admin/bookings/36 -> 200 {"id":36,"id_booking":"TPTM9F","schedule_id":1,"brand_id":1,"jadwal_nama":"Uji Audit Desember","berangkat_tanggal":"2026-12-20T00:00:00+07:00","pic_jamaah_id":50,"jamaah_id":50,"nama_jamaah":"Verif V8b","room_type":null,"pax_count":0,"regular_pax_count":0,"infant_pax_count":0,"seat_count":2,"harga_dasar":null,"status":"batal","is_seat_blocked":false,"total_harga":61500000,"total_dibayar":7000000,"total_refund":7000000,"perlu_refund":false,"progress_paspor":false,"progress_visa":false,"progress_tiket":false,"progress_hotel":false,"progress_land_arrangement":false,"progress_manasik":false,"progr...
[T10-setelah-lunas-refund] status=batal total_dibayar=7000000 total_refund=7000000 perlu_refund=False
[T11-refund-lagi] POST /api/admin/bookings/36/refunds -> 400 {"error":"tidak ada dana yang perlu dikembalikan untuk booking ini"}
[T12-riwayat] GET /api/admin/bookings/36/refunds -> 200 [{"id":1,"booking_id":36,"jumlah":4000000,"tanggal":"2026-09-30","metode":"Transfer BCA","catatan":"Refund tahap 1","created_by":2,"created_at":"2026-09-30T21:39:32+07:00"},{"id":2,"booking_id":36,"jumlah":3000000,"tanggal":"2026-09-30","metode":"Transfer BCA","catatan":null,"created_by":2,"created_at":"2026-09-30T21:39:32+07:00"}]
[T13-brand-lain] POST /api/admin/bookings/1/refunds -> 404 {"error":"data tidak ditemukan"}
[T14-list-batal] GET /api/admin/bookings?status=batal -> 200 [{"id":36,"id_booking":"TPTM9F","schedule_id":1,"brand_id":1,"jadwal_nama":"Uji Audit Desember","berangkat_tanggal":"2026-12-20T00:00:00+07:00","pic_jamaah_id":50,"jamaah_id":50,"nama_jamaah":"Verif V8b","room_type":null,"pax_count":0,"regular_pax_count":0,"infant_pax_count":0,"seat_count":2,"harga_dasar":null,"status":"batal","is_seat_blocked":false,"total_harga":61500000,"total_dibayar":7000000,"total_refund":7000000,"perlu_refund":false,"progress_paspor":false,"progress_visa":false,"progress_tiket":false,"progress_hotel":false,"progress_land_arrangement":false,"progress_manasik":false,"prog...
[T14] perlu_refund per booking batal: #36=False #30=False #8=False #6=False #1=True #2=False #5=False
[T15-db] SQL SELECT booking_id, jumlah, tanggal, metode, catatan, created_by FROM booking_refunds
booking_id	jumlah	tanggal	metode	catatan	created_by
36	4000000	2026-09-30	Transfer BCA	Refund tahap 1	2
36	3000000	2026-09-30	Transfer BCA	NULL	2
--- UI prep: DP booking #10 (2 pax) untuk uji dialog batal pax
[login-tp] POST /api/auth/login -> 200 {"user_id":2,"display_name":"admin.tp","email":"admin.tp@local.test","role":"admin","access_token":"***","refresh_token":"***","expires_in":900,"token_type":"Bearer"}
[U1-dp-booking-10] POST /api/admin/bookings/10/payments -> 201 {"id":72,"booking_id":10,"jumlah":10000000,"metode":"transfer","tanggal":"2026-09-30","status":"confirmed","bukti_url":null,"bank_account_id":null,"destination_bank_name":null,"destination_account_number":null,"destination_account_holder":null,"sender_name":null,"sender_bank":null,"notes":null,"source":"admin","rejection_reason":null,"verified_by":2,"verified_at":"2026-09-30T21:42:18+07:00","created_at":"2026-09-30T21:42:18+07:00"}
[U1-db] SQL SELECT id,status,total_harga FROM bookings WHERE id=10
id	status	total_harga
10	dp	60000000
===== RUN11 format rupiah pesan & ringkasan uji UI =====
[login-tp] POST /api/auth/login -> 200 {"user_id":2,"display_name":"admin.tp","email":"admin.tp@local.test","role":"admin","access_token":"***","refresh_token":"***","expires_in":900,"token_type":"Bearer"}
[V1-format-pesan-diskon] POST /api/admin/bookings/70/discounts -> 400 {"error":"total tagihan tidak boleh lebih kecil dari pembayaran terkonfirmasi (Rp 36.000.000)"}
[UI] 1440: daftar booking menampilkan badge "Perlu refund" pada TPMG49; panel Pengembalian Dana booking #1: Dana diterima Rp 6.000.000 / Sudah 0 / Belum 6.000.000; modal menolak 7.000.000 di sisi klien ("Jumlah maksimal Rp 6.000.000"); simpan 6.000.000 -> panel "Selesai Rp 0", riwayat tercatat; modal diskon booking #70 menampilkan pesan JB-07; dialog batal pax booking #10 (DP) menampilkan keterangan JB-12; form jamaah NIK "123" -> "NIK harus 16 digit angka".
[UI] 375: panel refund 1 kolom, scrollWidth 375 = clientWidth 375; daftar booking scrollWidth 375 (tabel geser di dalam wrapper); badge TPMG49 hilang setelah refund penuh (perlu_refund=false).
[V2-refund-ui-db] SQL SELECT booking_id, jumlah, tanggal, metode, catatan FROM booking_refunds WHERE booking_id=1
booking_id	jumlah	tanggal	metode	catatan
1	6000000	2026-09-30	Transfer BCA ke rekening jamaah	Uji UI audit - ref 0930
===== RUN12 verifikasi UI-02 & UI-04 2026-09-30T21:51:21 =====
[login-super] POST /api/auth/login -> 200 {"user_id":1,"display_name":"","email":"admin@local.test","role":"admin","access_token":"***","refresh_token":"***","expires_in":900,"token_type":"Bearer"}
--- UI-04: analitik transaksi = pembayaran - refund
[A0-hitung-manual-brand1-hari-ini] SQL SELECT (SELECT COALESCE(SUM(p.jumlah),0) FROM payments p JOIN bookings b ON b.id=p.booking_id JOIN schedules s ON s.id=b.schedule_id WHERE p.status='confirmed' AND s.brand_id=1 AND COALESCE(p.tanggal,DATE(p.created_at))=CURDATE()) bayar, (SELECT COALESCE(SUM(rf.jumlah),0) FROM booking_refunds rf JOIN bookings b ON b.id=rf.booking_id JOIN schedules s ON s.id=b.schedule_id WHERE s.brand_id=1 AND rf.tanggal=CURDATE()) refund, (SELECT COUNT(*) FROM payments p JOIN bookings b ON b.id=p.booking_id JOIN schedules s ON s.id=b.schedule_id WHERE p.status='confirmed' AND s.brand_id=1 AND COALESCE(p.tanggal,DATE(p.created_at))=CURDATE()) jumlah_bayar
bayar	refund	jumlah_bayar
64000000	13000000	6
[A1-analitik] GET /api/admin/analytics/transactions-30-days -> 200 [{"date":"2026-09-30","brand_id":1,"total_amount":51000000,"count":6}]
--- UI-02: lepas & kunci ulang kursi booking DP #10
[B0] SQL SELECT b.id,b.status,b.is_seat_blocked,b.seat_hold_expires_at,b.seat_count,s.seat_sisa FROM bookings b JOIN schedules s ON s.id=b.schedule_id WHERE b.id=10
id	status	is_seat_blocked	seat_hold_expires_at	seat_count	seat_sisa
10	dp	1	NULL	2	3
[B1-lepas-kursi-dp] DELETE /api/admin/bookings/10/seat-block -> 200 {"id":10,"id_booking":"TP9DX8","schedule_id":1,"brand_id":1,"jadwal_nama":"Uji Audit Desember","berangkat_tanggal":"2026-12-20T00:00:00+07:00","pic_jamaah_id":6,"jamaah_id":6,"nama_jamaah":"Dewi Lestari Uji","room_type":"Quad","pax_count":2,"regular_pax_count":2,"infant_pax_count":0,"seat_count":2,"harga_dasar":30000000,"status":"dp","is_seat_blocked":false,"total_harga":60000000,"total_dibayar":10000000,"total_refund":0,"perlu_refund":false,"progress_paspor":false,"progress_visa":false,"progress_tiket":false,"progress_hotel":false,"progress_land_arrangement":false,"progress_manasik":false,"pr...
[B1-db (sisa +2)] SQL SELECT b.id,b.status,b.is_seat_blocked,b.seat_hold_expires_at,s.seat_sisa FROM bookings b JOIN schedules s ON s.id=b.schedule_id WHERE b.id=10
id	status	is_seat_blocked	seat_hold_expires_at	seat_sisa
10	dp	0	NULL	5
[B2-kunci-ulang-dp (expires diabaikan)] PUT /api/admin/bookings/10/seat-block -> 200 {"id":10,"id_booking":"TP9DX8","schedule_id":1,"brand_id":1,"jadwal_nama":"Uji Audit Desember","berangkat_tanggal":"2026-12-20T00:00:00+07:00","pic_jamaah_id":6,"jamaah_id":6,"nama_jamaah":"Dewi Lestari Uji","room_type":"Quad","pax_count":2,"regular_pax_count":2,"infant_pax_count":0,"seat_count":2,"harga_dasar":30000000,"status":"dp","is_seat_blocked":true,"total_harga":60000000,"total_dibayar":10000000,"total_refund":0,"perlu_refund":false,"progress_paspor":false,"progress_visa":false,"progress_tiket":false,"progress_hotel":false,"progress_land_arrangement":false,"progress_manasik":false,"pro...
[B2-db (sisa -2, hold NULL)] SQL SELECT b.id,b.status,b.is_seat_blocked,b.seat_hold_expires_at,s.seat_sisa FROM bookings b JOIN schedules s ON s.id=b.schedule_id WHERE b.id=10
id	status	is_seat_blocked	seat_hold_expires_at	seat_sisa
10	dp	1	NULL	3
[B3-kunci-booking-batal (ditolak)] PUT /api/admin/bookings/1/seat-block -> 400 {"error":"status tidak valid"}
[UI] Dialog "Cancel Block Seat" booking #10 (DP) menampilkan peringatan "Booking ini sudah dibayar..."; tidak dikonfirmasi.
[UI] Form jamaah NIK "123", simpan dari bawah halaman -> pesan "NIK harus 16 digit angka" tergulir ke layar (top=193, bottom=213, innerHeight=914).
[UI] Tombol "Buat Booking Baru" (shared Button) di Master: background rgb(22, 24, 27), teks rgb(247, 245, 240).
